source_id,jsd,jaccard,dom_eq,dom_A,dom_Ap,tci1,tci2,h1,h2,hn1,hn2
S102059668,0.047737550578365096,0.3333333333333333,True,3312,3312,0.25272235883463945,0.24013964961470236,2.0088572001225917,2.0725689232079754,0.6321029495912138,0.621981309034061
S102320310,0.07890242430419933,0.5,True,3311,3311,0.12663276557623235,0.11804726773638773,2.3984163293550718,2.4791337138909544,0.7759247456304817,0.7800792076638705
S103448410,0.0850094258979559,1.0,False,3312,3320,0.22635994,0.27311657999999994,1.786361959651823,1.5708102090901144,0.775807141758666,0.6821942059251298
S105091050,0.10530403312849516,0.5,True,3312,3312,0.24000000000000007,0.36738368306277586,1.6094379124341,1.3516849383560077,0.898244401703927,0.7543897278457555
S105812952,0.11135164482067274,1.0,True,3312,3312,0.42835855999999994,0.34718343273956687,1.37482786403145,1.4042234488186505,0.5209541485147966,0.565101086971799
S10591207,0.11681212584942874,0.5,True,3312,3312,0.2785461703899971,0.23977623999999997,2.0924610092328018,2.30062639464599,0.5885390046329877,0.615524278387831
S10599296,0.017245256318633204,1.0,True,3106,3106,0.6305562600000002,0.6491751239834017,0.8150833041582846,0.8793288347329697,0.3280136516306652,0.2986405359237244
S107313304,0.04681226994550031,1.0,True,3312,3312,0.5985121264401665,0.448331794784642,1.008747190880296,1.3605006733615603,0.38223769508916233,0.5155252438414835
S108587369,0.0638509875779457,0.5,True,3312,3312,0.3134044877635078,0.2618793315149037,1.5178742577552755,1.673078127422091,0.6908143452479734,0.7614506703954806
S108741841,0.02648403453406982,1.0,True,3312,3312,0.32718594000000006,0.2997129495927891,1.294899256475915,1.4668115028760047,0.7226970353525172,0.6370281416912645
S10875568,0.025309391352929096,1.0,True,3312,3312,0.24398441067802032,0.2212554167041051,1.8959118384085674,1.9509894909335217,0.6227288112306564,0.6138944130848532
S109658313,0.0026852382007854455,1.0,True,3312,3312,0.8906219454828771,0.8944122199999999,0.30170760204351926,0.28002914778083565,0.1683862188117829,0.1739918922111894
S110151151,0.10135459622339058,0.5,True,3312,3312,0.11397554396903835,0.12649608096677273,2.496575057552914,2.4034208735263927,0.820021894606156,0.7775437930058692
S110891900,0.20011330421737744,0.0,False,1211,3312,0.3693533169698608,0.3949406579190097,1.1917691453969617,1.250005509990679,0.6651390244419427,0.6011255834491441
S111364325,0.18024205598300347,1.0,True,3312,3312,0.30941730954494884,0.3453152520309423,1.6463839245134364,1.5125411657277872,0.6625536314025711,0.5896963077761151
S112282628,0.04264625580873854,1.0,True,3106,3106,0.5843528535857544,0.4279260709349263,0.7216566713695656,1.0225539709641356,0.4483905006799163,0.46538436785729814
S112424246,0.14711246069598244,1.0,True,3312,3312,0.3419279209965214,0.37893126,1.32252332602482,1.2677650178202513,0.6796425449894844,0.7075531284154136
S112444171,0.05582887595107467,1.0,True,3312,3312,0.52199108,0.6233185074683086,1.0942718497264465,0.9193950799007634,0.5262335236615792,0.44213557413018123
S112540174,0.030888089541480306,0.6666666666666666,True,1311,1311,0.16702824268118135,0.2100476383718493,2.4525386032323104,2.317734790175014,0.7014252250619141,0.6572597367727441
S112879492,0.08433845349031474,0.5,False,3320,3312,0.3356146837071118,0.4446718111910436,1.3600281610126486,0.9710376229439027,0.6540352944540949,0.6033395979067708
S113036218,0.025154737979873318,1.0,True,2611,2611,0.39285839775096626,0.3468726751951711,1.4401881009161666,1.504297011581374,0.4659231060872197,0.5108942729753003
S113116626,0.10814755897952123,1.0,False,3312,3318,0.29563377379842193,0.21500118808760563,1.613604590044122,1.8528498095030335,0.581984835003081,0.6410420405061252
S113184965,0.036225468379865663,0.3333333333333333,True,3312,3312,0.20169779104850774,0.19132332,2.199508190438571,2.188055313323006,0.6346439117480768,0.6313393099443696
S113281486,0.09299841181769047,0.5,True,3312,3312,0.27877998320884184,0.4604054306796749,1.8564650326236143,1.4660552487991871,0.54582690279397,0.4554556710367092
S113416816,0.06782716533410851,0.5,True,3109,3109,0.13959519633765713,0.11496111095717265,2.3469405458364934,2.567248764503282,0.7291180752313087,0.7548073447147825
S113566553,0.055644490018578,0.5,True,2610,2610,0.1636847514128699,0.16535489736697773,2.1385702405779825,2.1084285645726224,0.7713261701686432,0.8220156699932972
S114339905,0.05407445404199806,1.0,True,3312,3312,0.13859892882824507,0.16230000000000006,2.1996924019663737,2.0627391992110464,0.7763949038928174,0.7136587857862502
S114448247,0.032758477047334686,1.0,False,3312,3320,0.15909855654720162,0.16572799999999996,2.1400376168619015,2.0810503410797354,0.7718554142906252,0.7345194619549426
S114567169,0.05728806623322309,0.5,True,3312,3312,0.32759842640929765,0.25097597128472243,1.9010989783389138,2.175509273984754,0.5437136756946033,0.6024809554287704
S115207144,0.07304336623903357,1.0,True,3109,3109,0.2656702732886395,0.19239302,2.0039309002001993,2.167275461856632,0.6933125106573885,0.7360571834537321
S115516119,0.1083516357215955,0.6666666666666666,True,1110,1110,0.1403829830875507,0.16958625544241718,2.435185594072369,2.340856984742669,0.6694509730198501,0.6532285792107971
S118419795,0.09604606720609596,1.0,True,3312,3312,0.29881954023112595,0.26721795649387936,1.7994022286368525,2.033616077830848,0.5459621643283388,0.6102914967016603
S119250532,0.0283093886133277,1.0,False,1311,1312,0.09430865078707094,0.0927329624801743,3.0122520810135707,3.0347069159458315,0.7298652769652083,0.7324663850815474
S120226629,0.03182079670035321,0.6666666666666666,True,3312,3312,0.2281121901569095,0.17713384645322747,1.8325331293120999,2.0872576751770224,0.7374655822456921,0.790910319284848
S120820016,0.03957319616467791,1.0,True,3312,3312,0.46117733999999994,0.5792960634197233,1.0277480323259773,0.926088268552355,0.5281580101860928,0.3862088053043283
S120959427,0.06694924204005327,1.0,True,3316,3316,0.5235962255189339,0.8036428600000001,0.9054468390622319,0.4085795678572807,0.6531418322518346,0.3719051498619386
S12146737,0.025802201711931427,1.0,True,1311,1311,0.3777879497085985,0.30098758947222964,1.678871506959015,1.9149749331340822,0.44917600494879606,0.5156692528747852
S121703463,0.017583828195095547,1.0,True,1311,1311,0.21902038251767622,0.2121147778839427,2.3495397688503386,2.413665751383123,0.6005945684854673,0.5996161172546678
S12175909,0.07906413380847524,0.3333333333333333,True,3312,3312,0.23552744215629437,0.21738962990012373,1.9101485726946086,1.9096836483652726,0.6376232581119479,0.648573008942402
S12205661,0.02850955238805722,1.0,True,3318,3318,0.376469097576327,0.38861949225212117,1.4227350521633237,1.3871792746064882,0.513143201063732,0.47993109219147095
S122378449,0.06432044030109815,1.0,False,3312,3320,0.3873833694522759,0.24801698000000003,1.2291138844703742,1.6836791112838747,0.5337973776561544,0.7662753860713974
S122471516,0.08134713304426644,0.3333333333333333,True,3312,3312,0.16655523938232406,0.24439200000000003,2.3492361686150987,2.1238553965252263,0.7392059084027205,0.6444054978667857
S122892125,0.08432666147044726,1.0,True,3320,3320,0.27103382268772225,0.2559871992807205,1.7823928094849912,1.8805559838642016,0.6053420777596077,0.6277450092805529
S123043354,0.09714363825088795,1.0,True,3312,3312,0.18181812,0.15175905999999997,2.3365563912437652,2.3869344311003617,0.7258920562241439,0.7722101741136024
S123665906,0.12781714488390322,1.0,True,3106,3106,0.40605460000000004,0.7350190788340424,1.1243591944031213,0.5905140022280254,0.6275168144569816,0.3295721397707679
S125685628,0.0439197703458277,0.5,True,3106,3106,0.29424598,0.2623457389455163,1.7264060892649757,1.8673279828125002,0.6226693758857724,0.6233293940506884
S126647188,0.10403461816105042,1.0,True,3312,3312,0.597099215802352,0.3838643540646471,1.084123275591749,1.5573243115684567,0.41079944093135734,0.6071559686112867
S127589907,0.09441592973491042,1.0,True,3312,3312,0.6891716374357707,0.8042775111083589,0.7811982668906732,0.5585273771429118,0.3392700965830031,0.22476795142005135
S129389861,0.04484456282119915,0.3333333333333333,True,3312,3312,0.24525587637216678,0.21697107311647323,2.0310835733862884,2.047268210742475,0.6570869226268902,0.6529331804669913
S129511265,0.035641410242131286,0.6666666666666666,True,2604,2604,0.2032061491977781,0.14993174670141068,2.040413206612201,2.1674424851058394,0.6507469209307917,0.7235100760638037
S129906632,0.11589056118772027,0.2,True,3312,3312,0.18580402733649248,0.1833137071845779,2.4667695430140775,2.3359402180638993,0.6781336399189578,0.7087548058456699
S130611943,0.04158856111633801,1.0,True,3312,3312,0.2914512799999999,0.2963000881127516,1.876402039164642,1.867867581083507,0.590424876144784,0.5491794128603866
S13068289,0.048982456269412666,1.0,True,3312,3312,0.3003969799999999,0.3437391619151996,1.8026211029268104,1.4932865291424915,0.592086653916974,0.5514249804286144
S131679521,0.09666999604462498,1.0,True,3312,3312,0.44837058411997,0.36325718420933206,1.3545332306086175,1.618279044948459,0.528093557351621,0.5836707882304174
S131700781,0.11520234480162249,0.6666666666666666,False,1312,1311,0.1475653679502052,0.16154385999999998,2.4427937311485355,2.5107780814008724,0.7497610038995195,0.7244574173619489
S132495599,0.1312269261208653,0.5,True,3312,3312,0.27836022,0.38915458260077657,1.7128268623128844,1.427856007858926,0.6045527301733966,0.5410477414930162
S132665167,0.04615724499203381,1.0,True,3312,3312,0.44295877999999994,0.5456186799999999,1.2326619357386437,1.0832991848738918,0.5610086235395416,0.41048717385454575
S133648787,0.09182110757321918,0.5,False,3320,3312,0.3400455599999999,0.34119056000000003,1.3212111986778685,1.4284215404287033,0.678968244920908,0.6203555928399285
S133992056,0.007953566596626039,1.0,True,3106,3106,0.6419931049590772,0.6265533944133489,0.8643645093753588,0.9712780959410825,0.26225949417917077,0.26701170866950424
S134425043,0.029060061410632675,1.0,True,1311,1311,0.35980702499693046,0.4034424082452362,1.7600773111385817,1.6145235763665886,0.45465924042156636,0.4241310020799882
S134651815,0.04457011082057177,1.0,True,3106,3106,0.49078665503054614,0.3744331564071718,1.447833925496867,1.8108931081005553,0.4299693280892053,0.5093434107663519
S134776053,0.19082944788062386,1.0,False,3312,3320,0.290797522341628,0.23085939581224366,1.6646919571704826,1.9342956138679177,0.6004107078043995,0.6692203549884694
S134986326,0.1254296560816302,1.0,True,3312,3312,0.33468309003516206,0.5195387264774014,1.7293610467824618,1.2633125012214015,0.6103885718350436,0.4665026153160741
S135066301,0.029779322790003428,1.0,True,3109,3109,0.2100495579879069,0.2501224810026996,2.2482446658650432,2.134872507818999,0.6747018854934665,0.6340020644481285
S135297974,0.0569633362871767,0.5,True,3312,3312,0.40227373999999994,0.23078786016319816,1.5335004411327824,2.126344749523743,0.5662747464979152,0.6879053851924742
S135892541,0.07641833666140839,1.0,True,3312,3312,0.20037078,0.23790804601171722,2.0367827325250616,1.991204760379469,0.6179865130868362,0.6111558503998938
S138240904,0.009000121087038682,1.0,True,2604,2604,0.3616810731035157,0.3752082845909989,1.5431357210356524,1.5358021320341937,0.4855599695322668,0.4713801798417022
S13880985,0.0812855667206082,0.3333333333333333,True,1312,1312,0.23820818000000002,0.2541407393107305,1.7162619528721963,1.747529170477848,0.6503314397957417,0.6168011223524626
S139866111,0.19528590511742355,1.0,True,3312,3312,0.371944697026009,0.5036187323623058,1.4776231548720475,1.2666186157594594,0.5599056671828597,0.5282209903526359
S139935717,0.03587178160413633,0.6666666666666666,True,3312,3312,0.17801811999999997,0.15099795020071316,2.3683118340050027,2.495770273892205,0.6716022985944664,0.7201270794684749
S140176541,0.12079188072407299,0.3333333333333333,False,3306,3312,0.2644682810115195,0.28051631530546955,1.666896697347942,1.8266679855642305,0.5392668403945451,0.542473271667244
S140231038,0.24133803160690337,0.25,True,3312,3312,0.15917472050657913,0.24334013559371734,2.300067467985302,1.9350613176366127,0.7677813829660466,0.6979258416926011
S140378306,0.03577673332338123,0.75,True,1311,1311,0.11631297999999998,0.12548707999999995,2.6163629308788803,2.5389945330657935,0.7045407720337657,0.6930399371737345
S141683002,0.025032963086957856,1.0,True,3312,3312,0.30253143532461274,0.2990052101238411,1.6536509660958183,1.713169706755998,0.5721239704125372,0.5322260938183737
S141724154,0.0693169151086335,1.0,True,3312,3312,0.39989926000000015,0.46230494438807296,1.5768984310975385,1.364928816530867,0.5101510105059509,0.47223296200637094
S141988568,0.15178519769347162,0.5,True,3312,3312,0.234554732510815,0.40813723856993855,1.9393951837625723,1.5793163449688816,0.6185293450422985,0.5109332430077129
S14335163,0.07569640508116754,0.3333333333333333,True,3320,3320,0.24260710615269845,0.24774377876680884,1.735874487646217,1.8254400261791557,0.6577630838733185,0.6740790940419712
S143967217,0.08673284126705036,0.5,True,3312,3312,0.30772377999999995,0.24009748709644443,1.8817289561638395,2.141382821209894,0.6001379133803382,0.6829490580244404
S144178814,0.041508309621477696,1.0,False,3318,3312,0.3323399586848635,0.3152282586943474,1.4870258216794967,1.5090607899395472,0.505028574951303,0.522099202573844
S144751283,0.02724020948223619,1.0,True,1311,1311,0.34336885999999994,0.3470375140324313,1.4204395547110098,1.4941180101243217,0.5382374754693533,0.5661559502165667
S145066639,0.11251218241771038,0.0,False,3320,3312,0.4265160425263343,0.3532753713929677,1.1183890025647125,1.581034481150108,0.48571017243513637,0.547000390808173
S145715788,0.14059226627737614,0.3333333333333333,True,3320,3320,0.25564356000000005,0.34425664,1.4868374082585405,1.2324562180137604,0.8298197575030066,0.7657681035671665
S14636018,0.07431835663560554,1.0,True,3320,3320,0.32016611999999994,0.3892282957491679,1.4292125723819653,1.1485949715607982,0.6504626732851564,0.5902610519393251
S147265922,0.08982423199996029,1.0,True,3312,3312,0.28467884000000004,0.18883191531914886,1.827062229376802,2.281848659760393,0.6321201500760161,0.7749689077972932
S147353869,0.0884707304794822,1.0,True,2303,2303,0.1739472741324561,0.2820395845522376,2.0883795400615273,1.5026249918042311,0.7371063476185894,0.6047007809860493
S149201819,0.04211583350151321,1.0,True,1312,1312,0.15693293999999994,0.15945023352857923,2.423825480096765,2.4441546866151627,0.6367324359883059,0.6383869455249788
S150607185,0.05579645791192894,1.0,True,1311,1311,0.25518508583913324,0.16389735165774993,2.0033512639127546,2.3351361976143323,0.6223760632315736,0.7085108555282679
S150708946,0.028141879687038414,1.0,True,3312,3312,0.5820633715050653,0.6268255051290311,0.8278209419664367,0.8836839396672574,0.37675754700051467,0.36852482662263575
S150892397,0.03613245003475349,0.6666666666666666,True,2604,2604,0.19332144000000004,0.15391424000000004,1.981502089319232,2.192909226069121,0.6508416770943305,0.6993823222280415
S151245446,0.06547498609874092,1.0,True,3304,3304,0.6016524072956609,0.5660935551846906,0.9725584174532956,1.1213024268136593,0.3591360370858163,0.4140626441700657
S151579836,0.008584974711840252,1.0,True,2604,2604,0.15403847999999995,0.14957272000000002,2.4502538742793534,2.4865534655778387,0.6114425132676385,0.6233550790255769
S152450506,0.16471179565222976,1.0,True,3312,3312,0.2253979681523898,0.20025823528378414,1.9909953964960843,2.0223410722477504,0.6761883708860992,0.746788619880323
S152704329,0.02831082757779608,1.0,True,3312,3312,0.41489338162759853,0.46235632338726246,1.1184415898010323,1.1016665549125526,0.6242141364448272,0.6148518112127987
S152710239,0.053282890229431515,0.6666666666666666,False,1110,1312,0.17186137135528967,0.13327515999999998,2.334059637063966,2.586649889874891,0.6416506811317786,0.692048830967271
S152731354,0.05681212287788604,1.0,True,2611,2611,0.164287,0.14961391128611806,2.0761803151895744,2.1842083809137587,0.8094430048491544,0.8065612594717626
S156070145,0.18892711037782808,0.4,True,3318,3318,0.1039142,0.13944402000000006,2.509864562140063,2.2634111107962784,0.8683535449318588,0.8358084018808226
S157620343,0.09992124708323227,0.3333333333333333,True,3312,3312,0.23072565999999997,0.2139473183968474,2.1833065564516265,2.268091908118974,0.6552138531067622,0.673564789859311
S159327246,0.04316275439391562,0.6666666666666666,True,3312,3312,0.2296949928150743,0.17019229627379862,2.1148564575522775,2.4238236960301096,0.6570170993281085,0.7530031687784523
S159612214,0.04267816753075583,0.5,True,3312,3312,0.33539482865274584,0.2869686808664866,1.5960936564429458,1.756612521373092,0.5893885038738631,0.6077462238461983
S160173694,0.024203646999503364,0.5,True,3312,3312,0.34518898434497913,0.29726650032740054,1.451175050012937,1.5489509424821055,0.5657714238261323,0.6233437149899591
S160300278,0.04628153193215041,1.0,True,3320,3320,0.47014768026619924,0.40356874,1.0813021876667805,1.3166389040225657,0.4921218335258588,0.5992281888721535
S160362754,0.04959372035733506,1.0,True,1311,1311,0.1740689406134878,0.200360656248073,2.507400787564197,2.333728008771312,0.6797188194284519,0.6462977185383746
S161550498,0.1260623388125448,1.0,False,3320,3312,0.200112256898269,0.22709887999999998,1.9871720182452337,1.9386648778342135,0.7167208040289279,0.7158895640284485
S161901644,0.07163667368154475,0.3333333333333333,True,3312,3312,0.22450556879226033,0.2628359647659037,2.3204983525476597,2.210119137002161,0.6636617572691342,0.656348372281576
S163559066,0.08764955387335091,0.5,True,3312,3312,0.361867919965314,0.2657645602544053,1.4391154709124936,1.644291151435012,0.6549696766350525,0.7483491530157786
S16390937,0.08572745500555443,0.5,True,3312,3312,0.2990819777290669,0.28109009999999995,1.8639513465144912,1.7879223378989333,0.6330412549565448,0.6602249608117408
S164212335,0.024843027854894017,1.0,True,3320,3320,0.6001791481685748,0.69001148,0.7758909594968143,0.6656125404922687,0.37312467984554454,0.34205718121949547
S164505828,0.020099748741004127,1.0,True,3312,3312,0.36914919464995993,0.35296000000000005,1.310222412560823,1.4170070436907505,0.527272287139078,0.5369368174723709
S165431477,0.06691633059087392,1.0,True,3312,3312,0.42250967922792165,0.5104220372843875,1.4696292604434347,1.2298359238167171,0.499120297904588,0.45414074056535536
S16648056,0.17104084665273742,0.16666666666666666,True,3312,3312,0.14306461999999998,0.18736049683945163,2.603541697151879,2.4787413027148073,0.7512233390457304,0.7029177208092228
S16719124,0.023927563381555515,0.6666666666666666,True,2604,2604,0.17880129035950595,0.17287229106685373,2.039851493517738,2.0689262437560276,0.7199780764117647,0.7462074079579629
S16770927,0.134715028793975,1.0,True,3312,3312,0.3963062399999999,0.35478199999999993,1.2736860171830644,1.373072636801976,0.5796794876230645,0.5963178694154461
S168233274,0.3287478985357506,0.0,False,3320,3322,0.47912084104058333,0.38846115999999997,1.0551281271409323,1.1208989070479831,0.6555879658291169,0.8085576472679922
S168777572,0.14418546966449444,1.0,False,1312,2737,0.09634743852423049,0.09838567188176692,2.632624031206545,2.594068848647843,0.8516945564258704,0.8520445822654499
S170381558,0.01898003300122855,0.5,True,2604,2604,0.16923762,0.16809282975312112,2.27227789451301,2.237640396942214,0.7246952914054922,0.7239112470005358
S170643298,0.123968189101404,1.0,True,3312,3312,0.4678332119640607,0.4010827708483498,1.0072423290108075,1.3483176462280912,0.625834846581601,0.6928982033845
S171076169,0.12300178516220399,0.42857142857142855,True,3312,3312,0.0908557300471209,0.07421591539313901,2.8546744023208594,3.0504856295491822,0.8236849207161939,0.8579991541731828
S173252385,0.05737154787018038,1.0,True,3312,3312,0.29461731999999996,0.34640870827756837,1.9305682070305852,1.8219072667693061,0.5793666628610012,0.5527904871633028
S173864314,0.05528799346975162,1.0,True,3312,3312,0.26975239682311136,0.25119894727746594,1.6885236210906909,1.754755947395008,0.7041690436797787,0.7317900691080592
S173952182,0.006567340562269359,1.0,True,3106,3106,0.5230492200000002,0.499038332676152,0.9899777772285064,1.0455107330384035,0.2939978627397531,0.30167062995013794
S174538591,0.01581187894165605,1.0,True,3312,3312,0.2510316226077782,0.21588481330907713,1.8368712262304223,1.974757274329808,0.5706561315721567,0.5991671780538953
S175220671,0.33772883620958616,0.3333333333333333,True,3312,3312,0.4456,0.24951431574572572,0.8783130902136367,1.7993020568107179,0.7994750279722882,0.781426954550066
S175590358,0.03541591292431637,1.0,True,3312,3312,0.42075402477975093,0.42918262918233724,1.085801494988015,1.066692389337258,0.5221601440696774,0.5129706067502872
S176933442,0.03340318546380411,1.0,True,1311,1311,0.22944729999999997,0.21674296,1.8854306096623552,1.9303073439316496,0.6654742798023984,0.6813137979817975
S17740374,0.15262107864109886,0.25,True,3312,3312,0.2576661361478137,0.1342919178611788,2.066695353672272,2.500712225410843,0.6420550111643075,0.7675377927657816
S178410430,0.10167206607015461,1.0,True,3312,3312,0.24488733555880457,0.27184788,1.7824837489884064,1.679574125653648,0.7173242299224717,0.7294297747188582
S179765101,0.23629457912910795,0.5,True,3312,3312,0.549521500204744,0.24717551242575975,0.9487387067621379,1.555213563679132,0.5894845022802238,0.8679812164459585
S179905963,0.03952336194137795,1.0,True,2604,2604,0.31873269417302297,0.37034239477553116,1.73778392853843,1.5668500908519674,0.6012319777865955,0.5069002171580129
S180716411,0.13013958286245544,0.3333333333333333,True,3312,3312,0.2803905453051555,0.2049371066451738,1.8080206597224098,1.9038665023660655,0.6381519639230301,0.7030395897355108
S180901878,0.009601225739435056,1.0,True,1311,1311,0.23027777967701796,0.24685635193397806,2.2378132649509994,2.2125433583964185,0.5663566776271693,0.5599612466301532
S180943771,0.12426156464825727,0.6666666666666666,True,3320,3320,0.17244913844781912,0.22215517881421104,2.0348485883996115,1.6607638693131954,0.8188833124066107,0.7986585994485712
S181098927,0.054725831015570915,0.6666666666666666,True,3312,3312,0.17681435867089407,0.22130585990313997,2.5788184664015184,2.414334168157061,0.6856371336482282,0.6501379601068885
S181266130,0.4858466492852733,0.0,False,3317,3312,0.48651098,0.39775914,1.150875490385822,1.3844760916392784,0.46314636828872785,0.5571541658345174
S18131899,0.08411183250512391,1.0,True,3320,3320,0.37512656093654706,0.3630069249849337,1.2310568917473923,1.4322008854513133,0.5602781365388922,0.6219969415284565
S182554291,0.27272325193713465,0.25,False,1202,1312,0.19682859512834947,0.13642179999999998,2.0899722712322935,2.3775799146874506,0.6976498833631926,0.7582791582292541
S182709241,0.0616627625057084,0.5,True,3312,3312,0.32893880236339335,0.3199103888786718,1.4252220185953959,1.4288643610744274,0.6189660581629941,0.5958827215197462
S184365670,0.03593788361408948,1.0,True,1311,1311,0.499068863765543,0.43180989707535444,1.2343426236338535,1.3986250432897258,0.3936676449164099,0.434507299872928
S184577771,0.25353163752471,0.3333333333333333,False,2611,2604,0.28557162146857745,0.23330890000000004,1.6519855828213363,1.8366978066521376,0.6648079045393015,0.7391415717000215
S184583347,0.09473501051199093,1.0,False,3312,3600,0.20589324659038563,0.15632168,2.1344081646199364,2.35680675922157,0.6716085625227604,0.741588055153722
S184885884,0.014439084867459134,1.0,True,3312,3312,0.53680794,0.5778938054599699,0.7573126514345864,0.7839543480771216,0.546285603313575,0.48709822356022153
S185232611,0.05697030696163792,1.0,False,2610,2604,0.19608121999999997,0.16767513999999997,1.9797833310983675,2.1549185550284755,0.6987766506365448,0.7772225782147981
S186310538,0.07042275896590183,0.25,True,3312,3312,0.17470945014293407,0.21392057197518932,1.971650585289773,1.830422399220987,0.8222421586364089,0.7136290601201218
S187585107,0.0038279241383434295,1.0,True,3106,3106,0.6366762788890151,0.5923846501646799,0.9118270879393702,1.0225164671734381,0.24889088161043119,0.26273475876310176
S187806540,0.01218613891850336,1.0,True,3109,3109,0.13477178101170575,0.13777236554288821,2.7220318332636437,2.689671314665013,0.6266468151563839,0.6155632028304
S188931513,0.060858473610349836,0.5,True,3312,3312,0.4004617,0.3112499999999999,1.2502578341926271,1.4310490050569948,0.6425054285263857,0.7354137115486706
S189157259,0.035091620110200936,1.0,True,3312,3312,0.46895134000000005,0.32137083999999994,1.1499747322342109,1.5365789178747056,0.5233760554546362,0.6408031807333691
S18992820,0.02711263277036772,1.0,True,1311,1311,0.41381263999999995,0.367719910304862,1.3684153283865357,1.562422364438497,0.38488927236375176,0.4154052739494791
S190552063,0.06290029377223419,1.0,True,3312,3312,0.4035567011772611,0.30911575272794534,1.643866445723153,1.7493337097089616,0.5106958252390685,0.5745839439492015
S190942573,0.0789266819280609,1.0,True,3312,3312,0.3414763713109742,0.3299912902842347,1.6134771017650351,1.649294665085082,0.5819388533260784,0.594857308570718
S191292005,0.04223504831913724,1.0,True,3312,3312,0.6008115999999998,0.4197537565537733,0.9354117581060929,1.2240526692603104,0.4807065519238954,0.6831568021725984
S193008421,0.021344248127793654,0.5,True,3312,3312,0.33729279532084083,0.3008409151746258,1.548445286008995,1.65607167446198,0.5717934199959656,0.6275239479937386
S193055789,0.15950743834213654,1.0,False,3312,3320,0.14464727800912905,0.18610850643762747,2.2087149871608527,2.0334072479241394,0.8369333103812701,0.7705051440548223
S193359815,0.057982017711162064,1.0,True,3312,3312,0.33258394969762595,0.2835759954241801,1.8990273082859888,2.0110943302269138,0.5639621239615341,0.5856440954701911
S194005134,0.06052761350605307,1.0,True,3312,3312,0.46951179650092795,0.368105702994574,1.1302120026503824,1.5336226215710302,0.4406371608712476,0.5531374376839142
S194011547,0.03953198133434757,0.5,True,3320,3320,0.3299110183995175,0.38776073827004665,1.4979576401918246,1.3568047541999524,0.54027401474162,0.46080246994422647
S19523265,0.13302918743573672,0.6666666666666666,True,3312,3312,0.15676858629473867,0.19973581516567496,2.4222990151074932,2.2618295499331453,0.6813113577669633,0.6414062130471874
S195279327,0.07577768029945438,1.0,True,3312,3312,0.6423884258909376,0.5322529552685241,0.8793865283965926,1.084722627264411,0.42289552784744194,0.5216413183648044
S195570583,0.11437259870137423,0.3333333333333333,True,3312,3312,0.17947714798273037,0.2998679808129556,2.1563779260608316,1.9408940957479233,0.6976215819093645,0.6190073915262423
S197264859,0.08528879609923831,0.3333333333333333,True,1312,1312,0.27572977705998497,0.20440091105728367,1.8490822058391965,2.113443188606091,0.5610357190041723,0.5944405869845337
S198031716,0.06140834505676795,1.0,True,3312,3312,0.421875,0.4,1.2468296415485096,1.2706817223249798,0.6958688724473058,0.7091809721940124
S199451182,0.1552670872072196,0.6666666666666666,False,3312,3320,0.15529248994908526,0.25919122140563344,2.201292396611768,1.8196389313146943,0.7769596318010601,0.6719369273782586
S199718347,0.03076458344829601,1.0,True,3312,3312,0.37895393542337596,0.42430012578215515,1.2361857881949443,1.2071138095240028,0.5944797020820869,0.5242428665054873
S199832308,0.05054751216200597,1.0,True,1312,1312,0.15613040591715066,0.18866312031014884,2.484913645963426,2.3015620847056844,0.6454073721380816,0.6082047432497666
S201345032,0.09290995516904291,0.3333333333333333,True,3310,3310,0.25138413066002674,0.18008588537621636,1.6898353137572837,1.9407091494683837,0.8126390090255596,0.8832547976598644
S20177303,0.01873183588096993,0.5,True,3312,3312,0.31085202675521684,0.30254241093393014,1.6625824786385013,1.7269399124421383,0.5231448450501781,0.5507712001727898
S202534398,0.05509714070418005,1.0,True,3312,3312,0.13877279405346132,0.12486049665206461,2.576250673609872,2.597425110031853,0.6654913207427785,0.6746300086984187
S20255291,0.021656366589608976,1.0,True,3106,3106,0.36450446546186294,0.30028739053981096,1.771880981916444,1.9991439078087159,0.520957998929933,0.5536387024496968
S202580180,0.1966187599460446,0.6666666666666666,True,3316,3316,0.13743054228586402,0.24220401803293076,2.2174799880549694,1.9123674670476467,0.8402545724075839,0.6494844962244831
S20330309,0.1337897512763235,0.5,True,3312,3312,0.39754913999999997,0.2529688598173386,1.1227629629216336,1.786413427455024,0.6266259407047278,0.775829493941592
S203532909,0.06388352307151365,0.5,True,3312,3312,0.13574338,0.13311408956599236,2.610077461866791,2.6379714291512366,0.698316793196276,0.6929880009694273
S20435353,0.3800510972620489,0.0,False,3312,1105,0.2817431785468589,0.37193553999999995,1.5617688809620465,1.1684621633161807,0.7510520731928835,0.842867284241322
S2047265,0.2660755829132049,0.5,True,3312,3312,0.32,0.25954326,1.5314011781068388,1.481049164667406,0.736448295088751,0.9202275858081905
S205778772,0.06384586527936736,0.5,True,3312,3312,0.4434493754405945,0.33413813903081246,1.1108376594941114,1.3469062846132058,0.5708576318559174,0.6130034674225756
S20589029,0.0529287125178631,1.0,True,3312,3312,0.1522414704985406,0.2008170227729713,2.540331466317266,2.4034626577744707,0.6527360648050805,0.643037748980695
S206553565,0.21004012255014698,0.6666666666666666,True,1110,1110,0.1436465198007163,0.1718274427931669,2.641948142943752,2.2849205266158883,0.7623050968221515,0.7627252097214848
S208089930,0.055357332691411326,0.5,True,3312,3312,0.35228044256570856,0.27571816,1.5584129381278793,1.653999541046424,0.6075803928036224,0.718322873746973
S21763754,0.14196120868052375,0.5,True,3106,3106,0.12510584,0.18108826584228582,2.190888756534762,1.9141126671305888,0.8816784955369159,0.8312885690759305
S22127372,0.07274770827140495,1.0,False,3312,3320,0.3004249979821929,0.35843553906423997,1.5420868414242765,1.292702675254405,0.601215317151696,0.5390988880618655
S22454499,0.020239547772527428,1.0,True,1311,1311,0.13166826742629878,0.12687776524014518,2.5348772997229867,2.5726653480176784,0.6242858951939495,0.6309360449559525
S22496335,0.08801462893943965,0.6666666666666666,True,3320,3320,0.169016406676673,0.18573884037453664,2.0920259132252874,1.9555719728580663,0.7725210974205009,0.7624212802366768
S22785100,0.0921239131809467,1.0,True,3312,3312,0.36221777999999993,0.4859317399999999,1.156978940130596,1.0695203686027173,0.83458388966969,0.6645303682359412
S23604231,0.04351776842228569,1.0,True,3320,3320,0.4258004658351623,0.429671880079297,1.3827910207077596,1.3615641456726593,0.4880645587840075,0.4710688657792971
S2391900,0.11695340679869298,0.5,True,1211,1211,0.22277817388262758,0.3117129681509308,1.9032337321265123,1.7222462225946122,0.65847368143115,0.5958563004532662
S24688465,0.013113142696151398,1.0,False,3109,2207,0.08912899871903134,0.09230120419619507,2.939961909496931,2.9073381768047164,0.6617584275159814,0.6493454250310942
S2477993565,0.016976141278653635,1.0,True,2604,2604,0.3028677149712799,0.3139157712103068,1.6075467272745483,1.570161079212227,0.5797999228590685,0.5432384519128817
S2483979929,0.12088154680940602,1.0,True,2604,2604,0.2533797234108849,0.31929680000000005,1.6179140214998353,1.3325894457948182,0.6747225535048957,0.6848155072533818
S2491293328,0.15902861994613116,0.75,True,1311,1311,0.09457314368300519,0.1246467793976527,2.724229222670802,2.4510120455109385,0.8265667669327004,0.7712305002846953
S25059752,0.14521336828973685,0.3333333333333333,False,3312,2805,0.20933465483762095,0.178090996477769,2.049718235587404,2.1116958020117904,0.7091538415388293,0.7171810375264097
S25369639,0.11728649416511594,1.0,True,3312,3312,0.23020920585673657,0.26137058150259473,1.8929509544318357,1.7718501872223709,0.6827377386512099,0.6253853741510593
S25826151,0.0349460325134226,1.0,True,2604,2604,0.29010758844338297,0.30518824958330765,1.8404718427061169,1.7429972466957848,0.6367595578936026,0.6030356620853757
S26543813,0.18876909039321174,0.5,True,3312,3312,0.39429798342144917,0.2517473189513705,1.5947936126603968,2.086131277849879,0.5752002090566373,0.7084987301860999
S26762059,0.019422728112119654,1.0,True,3312,3312,0.5888177999999998,0.6171031244538595,1.050968502124448,1.0315491530353567,0.3982363286809181,0.37205271187932987
S2736783777,0.21748822714888322,0.3333333333333333,False,3312,2308,0.31824472000000004,0.1377009888207543,1.7675774343228705,2.16486829490354,0.6527122110230618,0.8712070914568303
S2736878070,0.08361729010652222,0.3333333333333333,True,2604,2604,0.2351867,0.3351949856451792,1.5984263642571834,1.3055083165609638,0.8214286589918739,0.6708985598306031
S2737010151,0.019853893146934566,1.0,True,3312,3312,0.489414828071466,0.4682560036712284,1.0279665118397332,1.1462780124582044,0.4464401836733299,0.49782221553762507
S2737156544,0.16725273288802214,0.3333333333333333,True,3320,3320,0.31074726,0.3090038876874987,1.4460865043881808,1.5744640353849941,0.5819480198628603,0.6138382540789031
S2737200839,0.08668604891647516,0.5,True,3312,3312,0.4208995,0.20313126,1.2957373223855175,1.9664040407565104,0.6231179364334435,0.7913392001765033
S2737246436,0.023133703147866908,1.0,True,3312,3312,0.4321463199999999,0.36298438000000005,1.1087069611696148,1.3554926424661053,0.5697626695188686,0.6965854220577247
S2737523697,0.06190280450296562,0.6666666666666666,True,1311,1311,0.13536830190603036,0.17772852251821114,2.587973093765413,2.3920902158805344,0.6968958854923119,0.6728146371352557
S2737719478,0.07103101883623406,1.0,True,3312,3312,0.2448,0.22060588897173544,1.6855899852384688,1.8033929474656574,0.8105974375585467,0.7832036057875759
S2737730066,0.1968229499679049,0.3333333333333333,True,3312,3312,0.15498414527921442,0.2980399642850338,2.2027022526110622,1.7999109165080975,0.7944569040992321,0.6820279712417244
S2738228134,0.0467161187550476,1.0,True,3312,3312,0.6076890417314559,0.5780683399999998,0.9674085279611334,1.0370370728866496,0.38931383118302165,0.35879020408138956
S2738306786,0.029966664930479888,1.0,True,3312,3312,0.34152858,0.26845048,1.3744410382138912,1.5914901330356206,0.6255350738339999,0.7243183739392929
S2738497388,0.07076851691021219,0.6666666666666666,True,3312,3312,0.23360050756248238,0.161803347712424,1.8658460211658043,2.2118632378070955,0.6128534308195187,0.6788820441613665
S2738560774,0.10133563247111102,0.75,True,3312,3312,0.14184217701698165,0.0967957,2.4731589009053465,2.6136595322907534,0.7136028163333086,0.8119789872284905
S2738571386,0.037757411231505604,0.75,True,1311,1311,0.11846966312646406,0.10141664,2.745592462028297,2.850872633675838,0.7393400242976661,0.7364310521832703
S2738819186,0.04581654894384557,0.5,True,3320,3320,0.33091728,0.26704330000000004,1.6073868012558146,1.7770901214478114,0.6980792180695191,0.7411041431237851
S2739021707,0.11460105738225512,1.0,False,3320,3312,0.2539528980400791,0.25929912997604443,1.6729673939750827,1.7498084990634664,0.6732516065011181,0.7297268228989084
S2739337238,0.09633586298828933,0.5,True,2604,2604,0.2632158105299478,0.37176874,1.5435184866631815,1.1624285062077993,0.8614540696850213,0.8385149206469789
S2739376119,0.0524359506784077,1.0,True,2604,2604,0.29774555999999996,0.2964991684726442,1.4538935387766718,1.519308170759614,0.8114334338654584,0.7306327878456593
S2764354353,0.2931089126100763,0.6,False,2716,2746,0.07883840594811233,0.1440317615341159,2.808138718047469,2.2785322009951785,0.8339447615622025,0.7484038129470898
S2764360065,0.11763109436957117,0.5,True,3312,3312,0.3696530264244488,0.23087086186366412,1.707016920693194,2.033020878255705,0.6025020756994302,0.7033769523597527
S2764362400,0.1290851103319751,0.5,False,3312,3320,0.32733398,0.25213214,1.5931911769183102,1.8222421897190482,0.5746222525320244,0.6572349426015791
S2764373787,0.022461382371733746,0.6666666666666666,True,1311,1311,0.12731528936800313,0.16160180000000002,2.7862883629319795,2.6102408114018756,0.7236835184434067,0.6983604967741112
S2764408298,0.03461883364388708,1.0,False,3312,3320,0.24482081853458112,0.19075381389540555,1.8078453176678146,1.9716949096723182,0.667581907060659,0.6959217927618218
S2764409345,0.06559664004463937,1.0,True,3320,3320,0.36727779419121176,0.3974174199999998,1.3683127650797782,1.3451359248939614,0.5706307446375428,0.524429818070641
S2764466915,0.1615143023781212,0.25,True,3312,3312,0.08416778000000001,0.08077701652015645,2.9614984439248495,2.8963193000959464,0.7974797286088747,0.796220123158211
S2764486912,0.042993437522755584,0.75,True,3312,3312,0.14598358759569474,0.11439408767359387,2.5454824985026985,2.7777629616893784,0.6900422012066317,0.7214692134025261
S2764488531,0.1436187317560087,0.5,True,3312,3312,0.4305277800000001,0.28125,0.9596565483921555,1.3208883431493221,0.8735170344358557,0.9528195311147832
S2764525015,0.055182867430582774,1.0,True,3312,3312,0.416329639908722,0.39802821536501737,1.2695865979017533,1.1863269384612372,0.6105420962573167,0.662101670919224
S2764538883,0.029849135864012805,1.0,True,2604,2604,0.21348436520670808,0.19000116786641505,1.9577798681750183,1.9808097283799457,0.7229481445278148,0.7505747246001371
S2764545783,0.1529521350486392,1.0,True,3312,3312,0.52237468,0.7696820587149221,1.0340130812738588,0.563189574524837,0.5770936886519391,0.31432208630518715
S2764567269,0.03188134249987373,0.6666666666666666,True,3312,3312,0.20166399999999998,0.14968627950074856,2.0207058716898607,2.241065260738744,0.7461847903954691,0.8275567638393861
S2764579910,0.08883840535955281,0.25,True,3312,3312,0.20215618,0.15972988000000005,1.9360726760454612,2.2574715820680273,0.8408256797702058,0.8554083144518647
S2764592690,0.1141099891186745,0.5,False,1311,1312,0.11462229331243957,0.13320494264132227,2.6457880145001944,2.426572365502136,0.7704711336852155,0.7447822178331465
S2764600129,0.07989743860781834,0.3333333333333333,False,3320,3306,0.2513042248477112,0.18225618000000002,1.74952597947052,1.9696669481121902,0.6460463616067535,0.7926522906927841
S2764699336,0.07510660079848444,0.6666666666666666,True,3312,3312,0.17193611619546675,0.19374753757003865,2.0031215187120424,1.9846430482049013,0.7396914273955287,0.7004919175495463
S2764722375,0.18705084035871852,0.25,True,3312,3312,0.16692667366546635,0.1991537,2.1508205935695326,2.085476083732298,0.7441328568526651,0.7215252079719559
S2764769492,0.03915256520808036,1.0,True,3312,3312,0.37809502522409455,0.3289838899321747,1.523559901763333,1.7216939609595574,0.5271155510017498,0.6209698348512075
S2764779358,0.14889062932049052,0.5,True,3312,3312,0.41459886387049727,0.22064225934170903,1.1876120309382818,1.9628499391930663,0.4108855643547796,0.6447152153888576
S2764799895,0.23072661107952036,0.5,True,3312,3312,0.749303723251613,0.36093018,0.5739427106740884,1.0579298675216466,0.35661065657765095,0.9629692644383361
S2764804910,0.06960925831871692,0.3333333333333333,True,3312,3312,0.30720636617112973,0.19192458,1.9181691325319263,2.1949109261185846,0.6300394139864706,0.7326792669341741
S2764848433,0.12960845348590813,1.0,True,3312,3312,0.3711017,0.33158243019813616,1.5236934678597953,1.7880148294237466,0.5271617616997673,0.5968540130265155
S2764866499,0.09674657074717011,0.5,True,3303,3303,0.4375,0.275,1.0735428464085233,1.487798380001651,0.7743974703476993,0.830356086044652
S2764876117,0.11508179565445514,0.5,True,3312,3312,0.30423172061356013,0.31013741999999994,1.6247241389339777,1.5219249008083544,0.6538370924608339,0.6124676357311842
S2764890657,0.08588045114443307,1.0,True,3312,3312,0.38184585701013957,0.3553972859032077,1.3500400019545262,1.4416285514480776,0.6937833191372861,0.6932767873260272
S2764914602,0.14592612706233327,0.5,False,3320,3312,0.40980327999999994,0.5337064659561264,1.0686028637513272,0.9255301731365826,0.5963986138227103,0.5750642295587648
S2764947195,0.14908360874925547,0.5,False,3320,3312,0.33588580086560266,0.41555517443401313,1.4397054077288212,1.1746051258444798,0.6004037891315699,0.6555596027353693
S2764963587,0.0453195046034452,1.0,True,3312,3312,0.25125310870639317,0.21903313443655592,1.8664322973450171,1.9409721302003111,0.6892162843160574,0.7354793351470241
S2765002437,0.04082834740833009,1.0,True,3312,3312,0.1397464454257906,0.11402462528913064,2.4495653265382953,2.605210365039705,0.713329776924884,0.7517048148230617
S2765008847,0.18045943639843726,0.3333333333333333,True,3312,3312,0.10904707616165521,0.10529851638150674,2.7595825081915053,2.6791042372450016,0.7431072990164314,0.7801730401749346
S2765022498,0.05572476500764941,1.0,False,3203,3312,0.37761767999999996,0.40595059605970596,1.250075234722767,1.068611163829133,0.54290077640401,0.5964032461843349
S2765035044,0.10410305723435866,0.5,True,3312,3312,0.4081735406263898,0.24822747999999997,1.151332956715286,1.6962848164494653,0.5536741156883902,0.772012489731904
S2765079493,0.29111365696420877,0.6,False,2002,3312,0.0819460999605469,0.1308125797994165,2.7205994913014777,2.463790660609127,0.8936046775650757,0.8092535729352204
S2893729,0.01825447338362789,0.3333333333333333,True,2604,2604,0.2385096456857664,0.22640878,1.7028915088115426,1.7008047705764406,0.7395563855567556,0.8179142026769741
S2898370247,0.03781411492868326,1.0,True,3106,3106,0.5674736190490735,0.3628746514409653,1.0508942079329817,1.5690492821640154,0.45639755556938244,0.5945491462259227
S2898412997,0.03764306772028525,0.5,True,3109,3109,0.3118254599999999,0.25391022950679903,1.896944093004437,2.114636013152401,0.5379325453998826,0.6101549778920355
S2898435970,0.01359662384189498,0.6666666666666666,True,2604,2604,0.20388350000000005,0.1636568170000318,2.0055448859206053,2.197556592323892,0.6587387437421137,0.7109435167855166
S2912271296,0.17636269749484296,0.6666666666666666,False,2604,2608,0.12826488082173348,0.18416848,2.2441044319413828,1.8437250617503131,0.8286790366840335,0.8866443344499583
S30572693,0.11001962383966471,0.4,True,3312,3312,0.15543193999999996,0.1293591711571703,2.3338647984177263,2.498190041329121,0.7550413278478459,0.7761063729233517
S30803906,0.03820148977737142,1.0,True,3312,3312,0.3334811342070717,0.3556280408355526,1.6650397385683988,1.7070559372853558,0.5654862438479759,0.5606974401416555
S30933843,0.0754806679824761,1.0,True,3320,3320,0.3421291007585573,0.3645793736673581,1.3969848968619338,1.3340263068025267,0.5825879523218863,0.481148284309856
S31156748,0.07025322674024581,0.6,True,1311,1311,0.10029471005504188,0.10122150319143279,2.8273208376131667,2.829205946280748,0.7717410298254643,0.7618556730451685
S31204768,0.13073133982989496,0.2,True,3312,3312,0.13638936650940825,0.14968778,2.191304115404439,2.163836785116275,0.8091814968985992,0.7804391497950919
S32869912,0.05072639797654382,1.0,True,3312,3312,0.22770991545538083,0.20273238000000002,2.104615888847215,2.168368994883626,0.6538356877850018,0.6736417037685546
S33125897,0.03784858328653698,1.0,True,3312,3312,0.4539601999999999,0.3620902515628151,1.2995343391557836,1.5643701717602587,0.4924236865082577,0.5642272722282853
S34091647,0.10503352139898717,0.25,True,3312,3312,0.24981946360908355,0.13872432472113858,1.8918944646620786,2.290390962124886,0.6677557370083246,0.8260839206886187
S35093870,0.07213156394268154,0.3333333333333333,True,2604,2604,0.19099443013227568,0.17816176,2.122344413990088,2.0988475421504784,0.7207975539676206,0.7569992351606212
S37268045,0.0161699047056867,1.0,True,2604,2604,0.42368870802150876,0.32639285999999995,1.3532263803194398,1.6272919412010651,0.48807324702174454,0.5630043736607548
S37308595,0.009807081327464466,1.0,True,3106,3106,0.7192779872097782,0.6475819999241649,0.5414739804190986,0.7002188727200634,0.33643670018943317,0.3907995937768027
S38600022,0.15237795732218423,1.0,True,3312,3312,0.1758121858047172,0.22617069359957317,2.1327765675630364,1.8277527207487052,0.7692365443368445,0.7125882292497129
S38696330,0.12023153839185484,1.0,True,3312,3312,0.22237359020032407,0.23341838398901835,2.210790119879021,2.1788252124615397,0.6565476368875798,0.6538689944774666
S38863834,0.07157376720382742,1.0,True,3312,3312,0.6227911715569759,0.6221232600000001,0.7847330791599791,0.7643553325596599,0.40327302858302366,0.3675772159202853
S39159251,0.17849214635085722,0.6666666666666666,True,3312,3312,0.1967697319124485,0.150390625,1.8871153645725713,2.146723324263479,0.8588632150020797,0.8639050181006303
S39250910,0.16315243384946995,0.3333333333333333,True,3312,3312,0.21994226,0.26157324,1.990761507237225,1.8447499799109421,0.7026514651336205,0.6511158024089622
S39330975,0.13576257356493573,1.0,True,3312,3312,0.2455607458792185,0.23137440098463014,1.6454910506927631,1.8360716454242434,0.6862230679375987,0.6780050254153115
S39427579,0.11351271300651064,0.5,True,3312,3312,0.19489805298288473,0.13055652433531165,2.257095885247743,2.449856650584467,0.7534371162513914,0.847592232345801
S40135354,0.029862519177026862,1.0,False,3203,3312,0.1432579490442616,0.1440425419269585,2.094010836344576,2.087933595444951,0.8732703467490647,0.8707359404434328
S402139,0.0288345737336854,1.0,True,2002,2002,0.43435113588366525,0.47590805999999997,1.1667384300995323,1.111333292659845,0.6511691162442685,0.5344383433650538
S40975480,0.06071486923379917,1.0,False,3312,3320,0.23544789722496598,0.2546295799999999,1.8826504564199478,1.8384095966041354,0.6090665155292545,0.594753913718255
S4138479,0.21112619405774574,1.0,False,3203,3312,0.1654917499950835,0.24880558862966998,2.1754555918463727,1.917187752770443,0.7261849168068407,0.7079587195208287
S41645954,0.13711045057649598,0.75,True,1311,1311,0.13964369693547796,0.1599958892221967,2.4642008429094338,2.374737975358536,0.8093883008962379,0.7682644322074778
S41683674,0.07706842708978395,0.5,True,3312,3312,0.3787242710669709,0.35252154,1.2943950616619841,1.1652487925434967,0.7224156388690103,0.8405493272021776
S41746314,0.05320654135458533,1.0,True,3312,3312,0.5484054256010661,0.49300874038498227,1.2495409523731797,1.3678632110062707,0.3985148325342708,0.43040907549904894
S4210167948,0.12642775629338088,0.5,True,3312,3312,0.2054044,0.32240392,2.111790378779442,1.7015399893760996,0.7616673767155318,0.684750064764512
S4210168251,0.047060377587953284,1.0,True,3312,3312,0.35313899426746354,0.2917214769219097,1.3165138404947079,1.6167772052269127,0.5490289152446268,0.5593665246728428
S4210168416,0.09139592684573083,0.5,True,3312,3312,0.3936455351705789,0.3216035485552801,1.3651726337912284,1.5003325950836601,0.5693212081768928,0.6037782526807037
S4210168911,0.0873873638056503,0.5,True,3312,3312,0.13350205868316845,0.17479637209158141,2.495857905835909,2.276949921927663,0.7572759233261852,0.7261853363849783
S4210169264,0.4827399861737341,0.0,False,2000,3320,0.3897693366745567,0.31809360000000003,1.3192454089591596,1.6548384458898464,0.5501680677736962,0.6901212345102259
S4210169680,0.05267808567729848,1.0,False,3312,3320,0.1631464576600675,0.19687594321988455,2.304096948246486,2.0732323258067535,0.6842573580046103,0.6612138894322236
S4210169681,0.194250548138946,0.3333333333333333,True,3312,3312,0.2347285820436742,0.22439446664938525,1.6680685428531508,1.689165879227848,0.8572176591313596,0.8680595453227337
S4210170263,0.22139141493473485,0.3333333333333333,False,3320,3312,0.2482613552463372,0.24550141074424128,1.6335806708954224,1.7236744829667514,0.7094550711136939,0.7485823165499007
S4210171126,0.06206737145204157,1.0,True,3320,3320,0.263866674026528,0.22575485677109722,1.5757212488339496,1.716796092846916,0.8097605378125602,0.8256044031225981
S4210171491,0.1262517886952115,0.6666666666666666,True,3106,3106,0.17689366696445616,0.14883238700150514,2.1867551710438526,2.1931956042737135,0.7182588454427763,0.809879965807523
S4210171603,0.07270603488360527,1.0,True,1311,1311,0.23955307164653578,0.22959857999999994,2.102492229733771,2.0096806504275024,0.582259769010962,0.5852324224745653
S4210171745,0.058992056156605355,1.0,True,3318,3318,0.34378963039625626,0.3951944419690098,1.5462783594556715,1.48691786723317,0.5859207157432611,0.5049919111090259
S4210172117,0.06769871376934614,1.0,True,3312,3312,0.19290273100015418,0.16042150805792665,2.3297180978984136,2.3483563613799556,0.7237676209500271,0.7489589199207184
S4210172608,0.05005586494544999,0.5,True,3320,3320,0.35579398158958797,0.43017767386243805,1.3329231148342304,1.2926402832706745,0.6066394525998725,0.5201967178046532
S4210173186,0.011596780939852096,1.0,True,3106,3106,0.644025668693482,0.6259936024605561,0.8942058772873427,0.9167662790169976,0.29849325494848056,0.34738399531117825
S4210173644,0.06262458059920853,1.0,True,3320,3320,0.26340048600235483,0.32670282729843136,1.8295931042480065,1.507622341325804,0.6107331821336178,0.5712730543620272
S4210173758,0.1394513560856782,0.6666666666666666,True,3312,3312,0.16396402000000004,0.22698839005210572,2.3076462188756066,1.8856817618808697,0.7837303592309095,0.6801159316400734
S4210174943,0.13281533268845966,0.3333333333333333,False,3320,3312,0.33204376,0.2812225,1.2238983543336936,1.3942360806213314,0.8828560431746916,0.8662875839135047
S4210175172,0.019887208700110424,1.0,True,2604,2604,0.38410118000000004,0.32467200000000007,1.4481304681914253,1.605142016982822,0.6039173122441835,0.6693962139178845
S4210175336,0.1533074561861428,0.5,False,3312,3320,0.39557778000000005,0.40275556000000007,0.990793622320771,1.1187619755591731,0.9018592205280613,0.8070161770371794
S4210177237,0.06656610607674833,1.0,True,3312,3312,0.26702355874255473,0.22996787795246587,1.926823979609031,2.0917653246509347,0.6233573329009442,0.6767184068851272
S4210177496,0.2162150406306288,0.6666666666666666,False,2207,2604,0.1685578198783975,0.24732972,1.8828957370523791,1.6096458803183973,0.8569427797567633,0.7325814106220463
S4210179093,0.1562129741160383,0.3333333333333333,True,3312,3312,0.24324485232927417,0.2691123000000001,1.874548818133547,1.903193943859577,0.7103100024003013,0.7027912344774678
S4210179255,0.2657282475275198,0.3333333333333333,True,3312,3312,0.24240868931377585,0.24335755605521342,1.7603650632323171,1.7204016825342046,0.7341292520994678,0.747160957381675
S4210179265,0.15734147603706528,0.5,False,3312,3308,0.308641975308642,0.46875,1.2730283365896256,0.9002560512685369,0.9182958340544894,0.8194483718728035
S4210180838,0.054771817737770234,0.5,True,3312,3312,0.24282679956710113,0.30624420636601973,2.0074806284219533,1.9732985124431852,0.6593745552826572,0.6293420993788796
S4210183302,0.044945986408677835,1.0,True,2604,2604,0.26389138,0.20828771999999995,1.7039552092784704,1.867829513705086,0.6643231392938028,0.7789454088732191
S4210184980,0.13701231823112003,1.0,True,3312,3312,0.20540824629665821,0.25616899735218107,1.9646300153287424,1.7277819974646553,0.6934281950387992,0.6736125188742892
S4210185189,0.04887356648380545,1.0,True,3320,3320,0.48466493216691736,0.5301507348454616,1.1279190677790325,1.0570679514863401,0.542414415202971,0.4810923573264707
S4210185488,0.08624531954285823,1.0,False,3312,3203,0.20719999999999994,0.17827205999999995,1.8363387688804795,1.9573598444438796,0.738997084271615,0.8162824568062218
S4210185507,0.02704205463316647,1.0,True,3308,3308,0.39660828437704165,0.43181623999999996,1.260561467975456,1.1038030596914454,0.7035327506981418,0.6858314018600836
S4210186268,0.05472227444054202,1.0,True,1311,1311,0.22844399326493434,0.20422342119954298,2.0362147083277145,2.063346538177536,0.6407112078730214,0.6332981586329937
S4210187339,0.023100522341882028,1.0,True,2604,2604,0.17850036000000002,0.2069758230948607,2.061635073179314,2.032087509714257,0.7132767843953509,0.6783274752731783
S4210188249,0.13219346086138467,0.6666666666666666,True,2308,2308,0.1863798921577695,0.2556180838270537,1.9241728847292845,1.691775096826691,0.8757288192461573,0.8135718474971043
S4210188545,0.05214629782252361,0.3333333333333333,True,2604,2604,0.20514417999999998,0.23552921348740538,2.1426338142064467,2.1228372125653827,0.7037668002238886,0.6594964602750104
S4210188924,0.032133031423548314,1.0,True,3320,3320,0.22444781819188345,0.18643706072348476,1.8813462772802434,1.9747872175167545,0.67855223610678,0.7699127515995675
S4210190117,0.14363631621959244,0.5,True,3312,3312,0.25958110000000006,0.3043254873183151,1.6436015506205988,1.7847768519911327,0.7138070838821542,0.6958331737814425
S4210190796,0.17424222773056353,0.25,True,3312,3312,0.1887331814763729,0.19898099964090363,2.0380802318867617,2.117875817753616,0.8201838214166477,0.7820666754595665
S4210192241,0.1944237569248879,0.5,True,3312,3312,0.4324183553611214,0.260693232279359,1.229504710594239,1.7265964915112786,0.5595717084526768,0.7200466638796619
S4210192296,0.268340116840676,0.5,True,3312,3312,0.21773868008659591,0.42019646509105363,1.8066434707528232,1.1785163405383912,0.8688118586365078,0.7322533733258545
S4210192569,0.07116566691331666,1.0,True,3312,3312,0.3452362592957783,0.2826080487836763,1.3316690969490945,1.5510124987581604,0.6843425415071626,0.7458793467717326
S4210193457,0.07099788589043822,1.0,True,3315,3315,0.25214944,0.24002624000000003,1.5730985109009306,1.715768387782821,0.8084127171363115,0.7155309938871934
S4210194695,0.06400449560841162,1.0,True,3312,3312,0.7121418599999999,0.5952574555385334,0.607326677546324,0.9531226559219176,0.43809359294782607,0.4898081529533277
S4210194812,0.006985682103458421,1.0,True,3106,3106,0.4569377368172174,0.41099600515809653,1.2294015476044693,1.3185327645119918,0.41038431853790697,0.40006008128384707
S4210196886,0.05122105126207979,1.0,True,2604,2604,0.23085971963532984,0.24067798318985817,1.8673497776835122,1.752356043363843,0.7514768322757014,0.7307892313907537
S4210197438,0.1060744462205618,1.0,True,3312,3312,0.16480000000000006,0.1749156513811197,2.1086300678696404,2.179061802040595,0.8220942303346279,0.7859304138986337
S4210197950,0.1410841202704958,1.0,True,3312,3312,0.15249920863328129,0.1683525522449999,2.333235152333726,2.2080761924831007,0.7924209565362621,0.7499140610848043
S4210198502,0.643907849379868,0.0,False,3320,1405,0.22446531469240835,0.24000000000000007,1.5498854375562603,1.6094379124341,0.9629979669189144,0.898244401703927
S4210199360,0.0747437310732324,1.0,False,1311,1103,0.18189382595775405,0.16695123230196124,2.144476421455475,2.267351403984435,0.6839356968228361,0.6959128980755466
S4210200560,0.10328796601270648,0.5,False,3312,2309,0.4669307,0.34161158890166443,1.1682371742497657,1.3637692546249292,0.5618033259574243,0.620678135813627
S4210200925,0.3310982568173301,0.3333333333333333,False,2608,2604,0.22402835282575276,0.24036867999999997,1.8934178535139137,1.84286094620049,0.7381891763304753,0.8003443398498781
S4210201644,0.06883982826367982,0.3333333333333333,False,3305,3312,0.29685702531559266,0.28196560248038377,1.4328263521354565,1.5520348087757638,0.7363270872661078,0.6740401531730829
S4210201713,0.10781627189857715,1.0,True,3312,3312,0.33881394382309604,0.4289311600000001,1.5596028909431283,1.280473389992691,0.6504049232821808,0.5827685541115959
S4210202564,0.07294252231158523,1.0,True,3304,3304,0.2613124698808515,0.21455711927828447,1.8398334901784317,2.042922244068253,0.6635796630854642,0.7068025898354506
S4210202763,0.10540259516736203,1.0,True,3312,3312,0.4082551,0.49484914,1.2444227801839414,0.9746551423769063,0.6945255775431046,0.7030650702420447
S4210204547,0.15986495623123825,0.6,True,3312,3312,0.11035931489059712,0.11906130153621086,2.7478798582171766,2.7639012326327292,0.8246432203744589,0.8048664913552344
S4210205114,0.07359986592576949,0.5,True,3312,3312,0.4500179019194371,0.26572155315316837,1.3469891940909764,1.913756668674278,0.47542808483406945,0.6388276701388573
S4210205999,0.18970043878035092,0.5,True,3312,3312,0.3337455,0.4264796298092418,1.123261904714648,0.9678362728807162,0.810262189775657,0.6981462956387334
S4210207055,0.11651913503458483,1.0,True,1202,1202,0.21448828,0.19620840971985992,1.9043613204939573,1.9918106715578738,0.7941803556214306,0.8306495676241141
S4210209003,0.06140976486739021,1.0,True,3312,3312,0.21915486928609082,0.2841361741648871,1.7620117564311424,1.5751870249794115,0.8019261092406391,0.6339018912898794
S4210209665,0.17167519748074006,0.2,True,3312,3312,0.13781889240029108,0.1475798260272178,2.4434671902825635,2.3597413068088025,0.7792925204164295,0.7750776534178958
S4210209940,0.0957159354462585,0.5,True,3312,3312,0.3261957886367139,0.2552687773001691,1.69782689460431,1.8555250002507906,0.6433459688622346,0.703101436800277
S4210210030,0.052392144781373585,1.0,True,2202,2202,0.5856573936162576,0.7607124399048946,1.0734447908842528,0.6047068484853113,0.4067531155303654,0.29080252383378413
S4210210325,0.2031960378830922,0.5,False,1312,1311,0.1584918867924396,0.15890209448170892,2.0844744865234657,2.2501979488143977,0.7898557045849989,0.7785150621774223
S4210210660,0.16896312168336003,0.5,True,3312,3312,0.23269581236722067,0.286634281563766,2.0365662380867997,1.8218820392285353,0.7520415379515092,0.7102994193349705
S4210211099,0.04824431340377039,1.0,True,3312,3312,0.3790755111070234,0.3859347391928142,1.5298827390814655,1.469012492500175,0.5399814815537979,0.5566428876004519
S4210211929,0.11931561418230854,0.5,True,3304,3304,0.1458202244968984,0.11799084487389963,2.5502552965053082,2.7333013132713826,0.7062623294689611,0.7409570703708229
S4210212767,0.037254831512828025,1.0,True,3312,3312,0.44112492000000003,0.44977325130959384,0.9835339711764847,0.9791416376160121,0.7094697913810716,0.6083749053327361
S4210214887,0.12981244291449573,1.0,True,3312,3312,0.741620546693133,0.46467716000000003,0.6408117825523325,1.0560841838113342,0.3081653269438223,0.5894118055178063
S4210215881,0.21975872911104888,0.3333333333333333,True,3312,3312,0.25132799999999994,0.23480234718254,1.547807209661862,1.6079765079278545,0.7954155593531801,0.8263364619936248
S4210218169,0.1791489243173644,0.6666666666666666,True,3312,3312,0.1680619407075221,0.22039132606129905,2.097263944005184,1.993629828270344,0.79470192650606,0.7361864368167591
S4210219323,0.18622687617545158,0.3333333333333333,True,3312,3312,0.2746228398791347,0.256714610354925,1.8246731582210338,1.8898660031426169,0.6440295652457682,0.697869634164617
S4210220353,0.10498230229170066,1.0,True,3312,3312,0.3960289118220752,0.33746219999999993,1.2392631074448262,1.4889962126854197,0.6916459093578776,0.7160558173145678
S4210221332,0.09638035729595174,1.0,False,2613,2604,0.2857152440940287,0.20276039589321737,1.677851356830176,1.8996409204962046,0.6541459978339306,0.7198179816628495
S4210222233,0.03808673576346447,1.0,True,3312,3312,0.3681239111009811,0.302232238393524,1.420862547237072,1.60009741436698,0.6832904502279281,0.7282357164905009
S4210222309,0.17545034743750454,0.5,True,3312,3312,0.4404962848520076,0.3057406715017724,1.3501691126402402,1.5621813466255263,0.5863709952558663,0.6784467385716572
S4210222994,0.016588848848940817,1.0,True,2604,2604,0.550494415746522,0.43714169999999997,0.999770549035784,1.2219677796639556,0.4341948326156254,0.5561415033621163
S4210223199,0.0947404142291785,1.0,True,3312,3312,0.43578756,0.37926501083373293,1.5945292576671357,1.7433552953757043,0.5237370688781862,0.5726202815175566
S4210224819,0.09802009871748968,0.6666666666666666,False,3312,3311,0.1719182658169426,0.22840528665861543,1.9311928682873256,1.8420651951283915,0.805369980163313,0.6980012046183709
S4210225206,0.21024658511412486,0.6666666666666666,True,3312,3312,0.16665834000000002,0.3209481571590867,1.9109678735228326,1.2999931986373823,0.9189812914765062,0.8077311890032984
S4210225662,0.04251486991692844,0.6666666666666666,True,3106,3106,0.16390244787140124,0.20979237569327025,2.1399148524590017,1.996745856974981,0.7028737334776051,0.6282920188159209
S4210225667,0.11580794247205509,0.0,False,3320,3312,0.3882265000000001,0.49272911089488797,1.140723914805004,0.9407508908573068,0.7087716189559513,0.6786083224758555
S4210226373,0.029399981392810606,1.0,True,3312,3312,0.8046027813976927,0.8406568702193875,0.5254638832762925,0.44712279945331457,0.2282060649463482,0.17993545129410024
S4210228527,0.06529271964365886,1.0,True,3312,3312,0.3250706326227691,0.2914010679167906,1.3772585897197418,1.566039199296453,0.5981358056691385,0.6302205354193324
S4210228947,0.07985931196453327,1.0,True,3312,3312,0.3312481970481083,0.3697370937213734,1.7367279137980123,1.6761892208075784,0.6413204279193726,0.6045574691126573
S4210229399,0.16537740254738503,0.3333333333333333,True,3312,3312,0.2113306725766934,0.19900212,2.002029887958741,2.1205837109294543,0.6575842119448402,0.7201995782333325
S4210229511,0.09108609043036234,1.0,True,3320,3320,0.19802315265029852,0.19092196357769042,1.861848855783751,1.877984609631695,0.8473639312923317,0.8547076293441285
S4210229695,0.019343297905357864,1.0,True,3106,3106,0.6416585552944735,0.6916238028139226,0.762186897768144,0.7230973409844719,0.3916865833389918,0.3140371850684702
S4210229905,0.07159857392504018,1.0,True,3312,3312,0.4278614180049869,0.3212239775600168,1.2950360781082422,1.6240289393176062,0.6227807092196844,0.6772726723058035
S4210230173,0.08386634040679204,1.0,True,3312,3312,0.3131883691942774,0.25533686007461637,1.6565345229446953,1.7511899287164623,0.573121612615828,0.6827385981801876
S4210233660,0.04564601547203882,1.0,True,2202,2202,0.48904093054464276,0.544139082601396,1.4113138447651907,1.2833210573417557,0.4109840138372873,0.39868610259120585
S4210233858,0.31645663437503785,0.25,True,3320,3320,0.16153424723752516,0.2220214597030228,2.0794789470116726,1.9820900095798506,0.8368438899662823,0.797651698404426
S4210235043,0.02139832437043341,1.0,True,3109,3109,0.25137681034545206,0.2544364547465848,2.320174311203909,2.3678506788192797,0.5930881050506452,0.5856593255834461
S4210235286,0.005093728724054492,0.42857142857142855,True,3109,3109,0.08793782478046408,0.08730930022771903,3.021352399423332,3.036655999530338,0.6681763970033056,0.6668287421496482
S4210235510,0.2426028899568855,0.3333333333333333,True,3312,3312,0.18318990863585802,0.21304591868580366,2.039235653837852,1.9424195237567203,0.7530272714323604,0.781687120488988
S4210236488,0.010857741658609133,0.6666666666666666,True,2604,2604,0.16384837279518313,0.13787976545009112,2.1601079251761486,2.297025900164286,0.6889210364995165,0.7050208222372631
S4210238233,0.12593837960207205,0.3333333333333333,True,3308,3308,0.27947492218968867,0.28394717772498324,1.4212966309422397,1.4643872034595946,0.7932407532103503,0.7525461564453605
S4210238307,0.0014732026517001436,1.0,True,3106,3106,0.4235008599999999,0.4137262640437919,1.0849454774800882,1.1378458348643279,0.29614500376328434,0.29890904116718303
S4210238526,0.07852275579586894,0.5,True,3312,3312,0.4498657723468729,0.2597192,1.2893509364381017,1.7469935930642881,0.537701104407873,0.7030419405144788
S4210240122,0.1010959475343877,1.0,True,3312,3312,0.4955979199999999,0.595112846618195,1.0354844986896918,0.7760018605733892,0.5321337674262049,0.43309488460954787
S4210240526,0.03695092972593661,1.0,True,3312,3312,0.2267444566238802,0.2639326,2.009997792810452,1.91802749114816,0.6244409235304232,0.5819546200639047
S4210241156,0.37443125803816646,0.0,False,3312,3205,0.37753470000000006,0.41670000583416683,1.2527629434951175,1.0750631940440902,0.7783853815152456,0.7754941693448292
S42865813,0.14990478931803125,0.6666666666666666,True,3312,3312,0.1896352383192628,0.1916641066907595,2.106113572394231,2.1945072736917917,0.7286652890378443,0.7099570150864578
S4306502127,0.11510591362694664,0.5,True,1103,1103,0.36624999999999996,0.23558820528517502,1.4291078241103183,1.9034270688451849,0.6872555902465245,0.7212526410415953
S4306508438,0.11880851086846433,0.5,True,1210,1210,0.45999999999999996,0.296875,0.8979457248567797,1.42876912031874,0.81734542214651,0.7974112289381664
S4306510746,0.04744636687812992,1.0,True,3312,3312,0.36442113058190506,0.4293946267806976,1.4936599414757772,1.29334165793136,0.6229045773682431,0.621965865357561
S43226970,0.5855012425997049,0.0,False,3312,3314,0.3910394539804015,0.28,1.284772862023432,1.3321790402101223,0.7170453869999368,0.9609640474436812
S43270013,0.051418040800723985,0.5,True,3320,3320,0.37899414738058246,0.2864000000000001,1.1899188399800429,1.3756475890034792,0.7393381445702492,0.8547379046905645
S4387284770,0.2246017527145814,0.5,True,3312,3312,0.25,0.375,1.4941751382893085,1.0397207708399179,0.9283832117695865,0.946394630357186
S4394735535,0.06729757712548726,0.5,False,1110,1306,0.15650370917679834,0.15901750490884323,2.141438087772123,2.142705078308665,0.692788313355425,0.6833707641440223
S44090634,0.035154772357541705,1.0,True,3312,3312,0.3346149436651176,0.34841512001538893,1.7755110202961446,1.794697772717752,0.5387132593272632,0.5445347708891713
S44404461,0.15175684652877572,1.0,True,3312,3312,0.37391132399608756,0.35008321928438507,1.613651167920652,1.7789857581418986,0.5146401354283712,0.5673701291184576
S44433209,0.09088944034961349,1.0,True,3320,3320,0.12275982116936861,0.1459652402574934,2.5421284541915234,2.43084941471286,0.7474216191914133,0.7147040121279027
S44487342,0.10060544043175165,1.0,True,3312,3312,0.4113639579622568,0.3572572578790033,1.3636235334145728,1.4990524722959058,0.6557643030988967,0.651030216801539
S44811899,0.033712237536377705,0.5,True,2604,2604,0.14346397985338213,0.13853754000000001,2.3062807323964822,2.335437196022027,0.7256896375930743,0.7348639515543807
S45468527,0.017197102529172684,1.0,True,3103,3103,0.22433616549275057,0.2520115,1.7660855732381369,1.6815416547840636,0.5998037608298845,0.5291105011270252
S46238352,0.09985794604593788,0.3333333333333333,True,1311,1311,0.23416562954736492,0.22084011447916008,2.0726543897403005,2.2717446574974467,0.6361549958857096,0.6892770333780418
S46285813,0.04512562842282484,1.0,True,3312,3312,0.21923712799186335,0.25628015768571955,1.8537135318816103,1.7204086233456986,0.7459892032723884,0.651902709364981
S46460922,0.3888135285941614,0.0,False,3600,2739,0.25,0.22448163999999998,1.4941751382893085,1.6307929460857689,0.9283832117695865,0.9101628729152829
S46482365,0.16744141148794645,0.3333333333333333,True,3312,3312,0.13947310000000002,0.3053662001863752,2.2216729493562135,1.6447127014380063,0.8203957771728032,0.6618810817614919
S4671545,0.12395683640690286,1.0,True,3312,3312,0.1798578449467874,0.2916188208069246,2.162675858072001,1.766221481393836,0.6805032178562007,0.5801308801371649
S4723672,0.14748610640881826,1.0,False,3312,3318,0.22495597655512922,0.23066799797246906,1.8080539197646768,1.876448610376979,0.7049082331801125,0.7110298777217325
S4789869,0.02204080778015162,0.75,True,3312,3312,0.13709274298383045,0.12263203518071579,2.801430647816624,2.8201321990432264,0.6616344309655222,0.686017691669153
S48492747,0.08728919451080533,1.0,True,3312,3312,0.3261166200000001,0.3305829832908283,1.7903117747470227,1.8028022096260794,0.5791935250846871,0.5921461399949957
S48499399,0.2236036862009827,0.6666666666666666,False,3320,3305,0.2726600992932576,0.15747440330591714,1.8196328553361876,2.1091168759304413,0.7094225272100618,0.8487710699757597
S48783313,0.03770698717654928,1.0,True,3315,3315,0.26610765999999997,0.25901076525684097,1.5341646475367856,1.719387948906288,0.6662792407562732,0.620138116812837
S4954800,0.026871700233760135,1.0,False,1311,1312,0.15878052144020305,0.17022075244828208,2.486525097714869,2.454742157472682,0.6835645916087117,0.6700425418160996
S50623261,0.08683173480001097,1.0,False,3204,3312,0.35166646,0.2270178112920803,1.4315627914860976,1.8477965418897986,0.5163271349995385,0.6664517268890471
S51267760,0.017846583917317877,1.0,True,3312,3312,0.7260844799999999,0.6829352302166911,0.6586056411101536,0.700137827805334,0.3384563472418749,0.33669512403784213
S51499565,0.13147481794274907,0.6666666666666666,True,3320,3320,0.1683977106901556,0.14103042250519476,2.406189219635477,2.415387418458713,0.7300692714662765,0.7814151552122728
S51698217,0.11157960951397042,0.5,True,3312,3312,0.29812086284622213,0.2690169039290452,1.821012024477457,1.755364719871801,0.6300269228353276,0.6331139940776229
S51811661,0.027001861712632805,1.0,True,2604,2604,0.24577392232672612,0.20704213635685,1.892453020200971,2.031680568533027,0.6215927321646132,0.6781916349696832
S51920167,0.023451561520661093,1.0,True,2604,2604,0.26573941999999995,0.2685415390067832,1.8434070440210988,1.794635847574072,0.6054831526876602,0.6095000984133577
S52621960,0.05979729398884983,1.0,True,2604,2604,0.23162366,0.20250094816462344,1.8997851942096433,1.932503142911198,0.7406716193764585,0.8392754512270245
S54847137,0.019548260497881095,0.5,True,3320,3320,0.4109061399999999,0.3855874636368527,1.1190591908241312,1.2552827698108948,0.46668393049466944,0.5234935754078892
S55069968,0.09393499674376155,0.25,True,3312,3312,0.18427219010144202,0.206948938142882,2.074870112999383,2.071688857021394,0.7483512056282332,0.6607216324931043
S56771637,0.04642571415485379,1.0,True,3312,3312,0.42165924,0.52627102,1.1756119778109868,0.9130635182370961,0.5653498567991923,0.46922182850033634
S56850725,0.23035580392867422,0.5,True,2604,2604,0.23750254948010602,0.413432150602473,1.8934054547648012,1.242208866218831,0.7619624080954256,0.6932899686329063
S57027881,0.07480923081198403,0.3333333333333333,True,3312,3312,0.24141931682637038,0.2318257225372354,1.9655708700345766,2.1471648452556704,0.6456089289012943,0.6847931131071773
S57090429,0.030817581131596373,1.0,False,3320,3312,0.2489952047132595,0.20324730008779568,1.8676051143968113,2.104268958008183,0.5732196982508495,0.6384627163174098
S57552105,0.07955807621635513,0.5,True,1312,1312,0.41790725826492053,0.19103256,1.618001559164422,2.3523927089064753,0.3920399502927124,0.5635300600572422
S57599369,0.13651034531177747,0.25,False,3312,3314,0.1909790438989893,0.149662156072164,2.0142250987299857,2.1726167602682476,0.6723648560024381,0.7836058564478117
S58059009,0.030424980143736933,0.3333333333333333,True,3312,3312,0.2228132210756191,0.20856965090812937,2.305857194667983,2.3254807061520437,0.6130642145433373,0.6392922680151618
S59071098,0.09594030438168266,0.5,True,3320,3320,0.268457520465751,0.3953948621290572,1.7804126821159183,1.29604692873157,0.6284075591592977,0.46745011921010193
S59311786,0.04473040002207965,0.5,True,3312,3312,0.12916762188204794,0.09615590021848469,2.589163426503353,2.7670901646561012,0.768914748578462,0.784687256263253
S59604070,0.07723241222015184,1.0,True,3312,3312,0.4494827792140782,0.35605820247668113,1.310905083235058,1.5170338807672534,0.511084197207085,0.6104993444710203
S603496,0.15781800178619898,1.0,True,3312,3312,0.22275003776494662,0.3006764730702205,1.8886102282106991,1.7837655775810604,0.6811721526029373,0.5954355779146071
S60621485,0.044105962917475636,1.0,True,3312,3312,0.4010087474586336,0.3930183200000001,1.3598701970582712,1.3361636298123079,0.515286341754661,0.5063033738668739
S61246407,0.022438423270908687,1.0,True,2604,2604,0.20069205515025765,0.1878109987492396,2.127056754542033,2.1994579032061328,0.631680987337123,0.6466716442464342
S61274580,0.15694774516146792,0.5,True,3312,3312,0.27360130853253456,0.23748996058809796,2.0162384499542645,2.2234738877428217,0.5871420974780704,0.6305293722016251
S61522235,0.05619273267296999,1.0,False,3316,3312,0.36085529745093725,0.3746953453221111,1.4143182463693833,1.296114123403425,0.4991922861497438,0.4786152497748714
S62036463,0.05087975937572399,1.0,True,3312,3312,0.3668096014870211,0.37296970021034503,1.4992471786221657,1.5814716808082063,0.5536260657250569,0.5703953378020833
S62159105,0.0050710303203526635,1.0,True,3106,3106,0.7499202303689579,0.7644554000000001,0.6158373474513327,0.6002601695656226,0.2478311800984044,0.2340241797832938
S63231389,0.050273509663365495,1.0,False,3206,3312,0.20342735999999995,0.20055613443152723,1.9753475306880044,1.9716115332953255,0.6593872049669339,0.6696051598438904
S63576417,0.02913700608739108,0.5,True,3312,3312,0.18595671948432968,0.17573206014665899,2.3689284852373786,2.3801124581469235,0.6663000202137684,0.6543109506239029
S64961995,0.027293530853967227,1.0,True,2303,2303,0.21063094,0.2305869503040697,2.00218411351834,1.8896490908789416,0.5544806506144496,0.5502784309769304
S65076878,0.05966326367830215,0.5,True,3312,3312,0.21435487883221765,0.2834002399999999,2.09916029512289,1.894107831280018,0.7129236876619377,0.6553163364212691
S65932378,0.02575109976441951,1.0,True,1312,1312,0.23713602674273604,0.2891900416962363,1.9741266137542144,1.8234193728277448,0.5099519782599027,0.46852609657053423
S66163274,0.060270665906746235,1.0,True,3320,3320,0.3653843116599636,0.3232663934886384,1.512766402102322,1.583569933757185,0.5586183009039519,0.6173883820164008
S66666449,0.08714094288445948,1.0,True,3312,3312,0.3190224423213113,0.32652797813013296,1.8440517342815612,1.807243319586404,0.6262828835405533,0.6032726407298001
S67147532,0.0978244269540576,1.0,True,3312,3312,0.20042578167030067,0.18737908413849202,2.033953308917327,2.0407975857775082,0.7929799093305598,0.7956482960728832
S68175919,0.018990724612526665,1.0,True,3106,3106,0.27767966315583453,0.2694517143514229,1.7034549863508237,1.7226428283948914,0.5168505164565346,0.484521571053507
S69859562,0.014318722131210469,1.0,True,2604,2604,0.19296387095582512,0.1615826250325833,2.1585199020950414,2.3084625480348375,0.688414569903903,0.7171642131082703
S70695507,0.018058617720536498,0.5,True,2604,2604,0.28299272889331845,0.3128288591608992,1.8404206822287703,1.7055622957878895,0.5523132438626952,0.5439532585080772
S70718007,0.02148222321309383,0.75,True,3109,3109,0.12124196426678331,0.1122005957502763,2.7840006727744533,2.8696943139260913,0.6085631826483691,0.6258919670152534
S70949411,0.13022538710807363,1.0,True,3312,3312,0.3831933226571255,0.5099841130401069,1.299821949838987,0.9993979531916101,0.6250822270237765,0.5577746178298035
S71119591,0.022210082952974258,1.0,True,3312,3312,0.5996069532344281,0.4842747702032117,1.059899860354838,1.3226725452793198,0.32158747639709356,0.40596481100051396
S71654957,0.12631018790840898,1.0,True,3320,3320,0.2652932965377808,0.34074294,1.4514762006671234,1.178441953843203,0.9018528701563411,0.8500661813925449
S71657983,0.028329237976905702,1.0,True,2604,2604,0.6013127865441809,0.5348293787759513,0.9278738702957445,1.0912564605018007,0.3869534590695053,0.43915390567887175
S71826845,0.04898064621168638,0.6666666666666666,True,3312,3312,0.243170130192804,0.14621736642058467,1.9175293591674352,2.299387179872736,0.629829274834082,0.7333412283751741
S74141806,0.00987997407884182,1.0,True,2604,2604,0.15168586565627254,0.14299525617771866,2.3631554929115635,2.454133054897241,0.6701400711626866,0.6902652039837559
S74899632,0.13919113317004855,1.0,True,3312,3312,0.48606619837901377,0.29549748,1.311979426122535,1.7599428795204177,0.4971394184581073,0.621182616978913
S75771055,0.026446197413594826,1.0,True,3106,3106,0.49557707100531934,0.5810703701152731,1.0857235913347874,0.997284451789186,0.4232924085523854,0.41589991985986274
S75796200,0.16934360645980367,0.5,True,3312,3312,0.22455298982195165,0.3397479770071188,1.9296133770101866,1.4150335662582405,0.7523007701484892,0.6804873029107293
S76279167,0.02839734314928003,1.0,True,2604,2604,0.3397277521531531,0.31311631160649583,1.7414705960988228,1.8241712988047891,0.5720012355701434,0.6195310249972323
S76733833,0.03220484350318881,1.0,True,3312,3312,0.7957002620954163,0.9303533200000002,0.42281511912285324,0.1911122514276374,0.30499663778570835,0.1378583486938886
S77333429,0.021156643930463834,1.0,True,2604,2604,0.5127436999999999,0.5701353172351998,1.0677938593705028,0.9942909648528162,0.48597392837514614,0.41465153884409117
S77333486,0.1229392089841505,0.5,True,3315,3315,0.10831329035132785,0.22370004775344884,2.674994550480156,2.165561901435481,0.7353762723468701,0.6043115548228334
S7748972,0.04488888207810659,0.3333333333333333,True,2604,2604,0.21465936766655866,0.21113586590092573,1.7611449038414326,1.8291768960690158,0.7648555135703672,0.7131434742552984
S77852275,0.07299914798852772,1.0,True,2604,2604,0.3911691199999999,0.48865736000000004,1.4503071903457034,1.2236831080045547,0.5495550149936076,0.46368189666533405
S78376336,0.015524707077721835,1.0,True,3106,3106,0.7682568936961703,0.6994516313693869,0.6251433763732525,0.8180725388795085,0.2368813171877515,0.2510891035095887
S79135273,0.030146505989848124,0.5,True,3312,3312,0.3007866709266438,0.2706702172600954,1.9356396546581736,2.0714278662310175,0.569105358334785,0.6090290076663285
S79386155,0.03792374304299352,1.0,True,3318,3318,0.31951187999999997,0.3847223000000001,1.5792568078003029,1.4309413468513568,0.557408361468231,0.4859809821076513
S79562878,0.07266460203722797,0.25,True,3312,3312,0.28464705774198107,0.18851173999999998,1.7992733081474888,2.084612621134894,0.6644165264791481,0.7518650726714639
S79712050,0.021744878877688507,1.0,True,3312,3312,0.33498229368323496,0.32661508,1.495637738125643,1.5663119068414106,0.5522932098957766,0.5649276051213598
S79731123,0.12108808330922441,0.6666666666666666,True,3312,3312,0.14462192,0.21129482685242218,2.292180991216858,1.9877241209817087,0.7930401980142804,0.7169199329989213
S80347152,0.03726013805429952,1.0,True,3312,3312,0.4870498222142571,0.43941560248534695,1.5001830431439813,1.616282169642152,0.4410749729587426,0.4663604541639974
S80367638,0.10879620889816036,0.3333333333333333,True,3312,3312,0.2328376057287873,0.24579412435314066,1.8738101628420258,1.7574569223894987,0.6482938250842616,0.6338685966268274
S80823180,0.030316656100118772,1.0,True,3312,3312,0.3334366200000001,0.3432681590056714,1.7564391166963336,1.788058973663843,0.5390997768786041,0.5310073910764844
S8095556,0.040415743417790154,1.0,True,1312,1312,0.2175188637537439,0.18198104030463655,1.9687560434801423,2.1828973378825,0.6278933743453695,0.6781551872917869
S81071032,0.07145048984181272,1.0,True,3312,3312,0.490249641273076,0.40025775999999996,1.3821548329947744,1.512329402799362,0.4349060484112224,0.5232300650142498
S81124448,0.04108257241319069,1.0,True,3312,3312,0.2128292875051729,0.18271552286932452,2.068837883021668,2.2184460506910297,0.6024594035526835,0.6522544274119374
S81556534,0.034895703742546386,1.0,True,2604,2604,0.49366001306078766,0.46475948000000017,1.1110241842890427,1.278840648115082,0.463333072504232,0.4722366843844246
S81929299,0.015417832679229786,1.0,True,2716,2716,0.74454098,0.8003232466460969,0.6287571424084244,0.5217383289243029,0.2861597075209722,0.23745334651081798
S83616544,0.12182377639324671,0.5,True,3312,3312,0.15381876741676098,0.1395615697896214,2.3331452896946985,2.3331890516070035,0.7923904370927746,0.7663563331632638
S83938913,0.3430001142838415,0.5,False,3312,2805,0.4669099233462316,0.2276552730029903,0.8368666991713695,1.7754749700114691,0.7617488970435015,0.6922066374708506
S84394799,0.05211323491876856,1.0,True,3312,3312,0.1445281543520137,0.11201707016056005,2.4679779389641543,2.6823229984673036,0.7058408699476836,0.7373909182316287
S84445930,0.07790701148686688,0.5,True,3312,3312,0.20621928408099105,0.1561389525759487,2.2704814548440657,2.521939629066185,0.6675535701296136,0.7651894591869258
S84833568,0.05730680921176865,1.0,True,1311,1311,0.21896077565526118,0.24135352000000002,2.0006431898482364,1.9334242476293397,0.6215347527207435,0.6254926216004371
S84895730,0.08619376720939079,0.3333333333333333,True,3312,3312,0.18613005414952935,0.1767542,1.976994619470488,2.1324835639453505,0.7707733541480397,0.7526731329354625
S8523651,0.04251213299551398,0.6666666666666666,True,3600,3600,0.17810395129532383,0.19837158000000002,2.0513306819306854,1.893294889318983,0.7398611505111938,0.7381412361266764
S85534916,0.0682164125874089,0.3333333333333333,False,3320,3312,0.27507561999999997,0.30398518992216367,1.423920577185842,1.3014536876440213,0.794705205492404,0.7263551330384359
S85937267,0.08582995073362873,1.0,True,3312,3312,0.5024626223517751,0.49864420000000004,1.135088012489825,1.0932670289649224,0.49296246029886037,0.4975672674708256
S87350844,0.037409137439659665,1.0,True,2604,2604,0.43431395999999994,0.3709949831534622,1.3909996973157082,1.4852015554813875,0.5016970912988553,0.562777298853872
S87435064,0.10216816192081393,0.3333333333333333,True,3320,3320,0.2832192110100098,0.30891044222055275,1.7273794572840098,1.5987510237077518,0.6096891576865788,0.5903697882177518
S8759915,0.04937752808710526,0.5,True,3320,3320,0.34005451569631556,0.39275694,1.2592569235817843,1.2915788194504747,0.5731125241227869,0.5197695533394245
S88000251,0.12106427211686456,1.0,True,3312,3312,0.31534414,0.40336711254382007,1.5719453610566883,1.3769491791305002,0.5438557710655433,0.4522709907042531
S88457980,0.060189628411068265,0.5,True,3312,3312,0.30635007247197665,0.22731040674488576,1.7453684676369816,2.0135297499376215,0.6445111198184564,0.6838415617319549
S88529193,0.03796877619057494,1.0,True,3312,3312,0.9392049015882685,0.7687235870301701,0.18381156141639346,0.5802712489621198,0.10258718570946643,0.25200860143135667
S88603889,0.0280521229793743,0.6666666666666666,True,3312,3312,0.17576350000000002,0.14779354151981752,2.435243181401582,2.581715883466189,0.6163232022234967,0.6358212334862359
S8922989,0.015699118308343217,1.0,True,3203,3203,0.3967954269466565,0.3407805141631142,1.4568554256353632,1.63987972138351,0.6075559021121038,0.6599361475101755
S89393028,0.06168495861628001,1.0,True,3312,3312,0.33078139932847545,0.33278124000000003,1.8176382507535216,1.8039559527394484,0.6288596772328481,0.624125926988889
S89717723,0.04162171514750387,0.5,True,3312,3312,0.17295071999999995,0.15502558,2.323424509034357,2.3379437643103813,0.7890890337595347,0.7804248012913245
S90873577,0.05624400824875789,1.0,False,2002,3312,0.316256018041048,0.2779135445119621,1.605636103313422,1.760459094048926,0.535974498618521,0.5876556825822099
S90911399,0.0744597304546806,0.5,True,3312,3312,0.31939928402108286,0.26904815467847315,1.650421695835477,1.8197376000957368,0.595263798989349,0.6719733627371757
S9300723,0.03929456263980373,1.0,True,3312,3312,0.48561410796545196,0.5279225898471577,1.0932789252659239,1.0043315350477051,0.4975726817107372,0.43617564367264067
S93028289,0.03864799282211291,1.0,True,3312,3312,0.6366334611502014,0.6401947225425609,0.9289189779297451,0.9341204265210621,0.3519889346493166,0.3449420642722441
S939935174,0.01746042472482423,1.0,True,2604,2604,0.19737158000000005,0.18388764603773447,2.041110923510392,2.085607691389558,0.6341067610441191,0.6328006440191384
S9536269,0.058947130766987516,1.0,False,3312,2613,0.24633933540368738,0.2109330983233467,1.8585756203450174,1.9428308906698646,0.5773989807205807,0.6485328838698208
S95454600,0.08168925363891066,0.3333333333333333,True,3312,3312,0.2626047675887738,0.2037393400945877,1.6815342670961344,1.7882638310788765,0.7012542566689183,0.8138739433029909
S959143335,0.022634919622845022,1.0,True,3106,3106,0.6615347193356559,0.5119354053604397,0.6696074903804438,0.9807572475814651,0.23166829268627914,0.2943268471627805
S96120751,0.06173475532411611,1.0,True,1311,1311,0.12189869999999998,0.12405262636048293,2.7424715602850407,2.790819713150464,0.6907480910720792,0.6902756181583671
S961333017,0.05630004601704928,0.4,True,3318,3318,0.13279999999999997,0.16290212879673807,2.1506161048031833,1.9921605071917396,0.934000707008288,0.8651843153389559
S96629499,0.044059259008796335,0.5,True,3312,3312,0.268534795340472,0.3740214373064151,2.1051449174523897,1.754722529473845,0.5829943987596278,0.4859491608295483
S96897161,0.1521566913507982,0.5,True,3312,3312,0.2813701825671435,0.5409963391137977,1.6383631203557774,0.8908369143090089,0.604997322312911,0.38688555616012255
S97631563,0.10936921245216191,1.0,True,3320,3320,0.44459306416690286,0.35747169702232323,1.235928885374103,1.4273742875419297,0.5624954763943463,0.6199007766900455
S97696616,0.038839120507478314,1.0,True,1311,1311,0.39840800441503704,0.4357916873046221,1.4501310684379447,1.2876500705248328,0.5835756721733037,0.5592193202512679
S97779488,0.030771275480014564,0.5,True,3106,3106,0.17829604937661106,0.15107041215846087,2.459619832571433,2.6496891670766396,0.6761681303396103,0.68820456802741
S97803974,0.14126576927259288,0.5,True,3312,3312,0.3224236820393553,0.29797318,1.5610112694458023,1.528883925375656,0.677938580509102,0.7352377524114371
S97919111,0.1835325107723082,0.6666666666666666,True,3312,3312,0.28010710905579367,0.13349265172098232,1.7715776332236022,2.4423934931796802,0.5574410402701212,0.7587722006268092
S99462834,0.03455103879821996,1.0,True,1311,1311,0.2572996073484736,0.2669507174739877,1.848485137383833,1.78006864069388,0.5742641959353995,0.53420149791475
S995559440,0.1247592392954835,0.2,True,2604,2604,0.1430378961488508,0.15364743795111582,2.2843575881914218,2.241717607764066,0.8062779998490985,0.7755810655290104
