source_id,jsd,jaccard,dom_eq,dom_A,dom_Ap,nucleo_A,nucleo_Ap,tci1,tci2,h1,h2,hn1,hn2
S101267242,0.05510421668385779,1.0,True,3312,3312,3312,3312,0.5500013199999999,0.4475,0.9902515242533827,1.287541043695602,0.5526698986443831,0.5859851819318979
S102059668,0.023364168713767338,0.5,True,3312,3312,3312,3304|3312,0.27255924261757175,0.26714427893499537,2.1047215619421764,2.1610063806314583,0.612908970421669,0.6235346377332825
S102320310,0.05336867312938149,0.75,True,3312,3312,1710|3311|3312,1710|3311|3312|3315,0.12777816615533552,0.0974172381321683,2.564855239783519,2.791013554142094,0.7872250591264118,0.8205973488013605
S103448410,0.024632981683652445,1.0,True,3320,3320,3312|3320,3312|3320,0.27158980505843117,0.28380000000000005,1.7499655076513152,1.7060319724343112,0.6311666399038225,0.6153209665572493
S105091050,0.07512425339027987,0.25,True,3312,3312,1208|3312,1202|1211|3312,0.249426369417251,0.18074872985919582,1.930402898646321,2.070170832818899,0.7526085819319218,0.8330980292541433
S105812952,0.03529012307847827,1.0,True,3312,3312,2002|3312,2002|3312,0.2688501173349658,0.22928184,1.9127143102538806,2.0110835040329844,0.6496022922490189,0.7098242383518439
S10591207,0.04593863146785651,1.0,True,3312,3312,3312|3320,3312|3320,0.2522545360104659,0.21351592224095714,2.429411842300181,2.641760939181496,0.645914008181455,0.6752927923777309
S10599296,0.020083676141762385,1.0,True,3106,3106,3106,3106,0.5715567200897229,0.5038780984603481,1.2061536251198222,1.4726785310249868,0.351239988181802,0.4109587688294629
S107313304,0.03372019862989416,1.0,True,3312,3312,3312,3312,0.417348621611591,0.35898089799996413,1.4744996155314738,1.61423493467192,0.5204336689380695,0.5697541055488868
S108587369,0.0068000864449504796,1.0,True,3312,3312,3312,3312,0.30558288352087537,0.31780578797953807,1.6257285252995504,1.6102083461735013,0.7399009377869257,0.7328373998645232
S108741841,0.036827025901032776,1.0,True,3312,3312,3312,3312,0.36598748080564075,0.34617063069156767,1.6795691087781313,1.867303207745221,0.6057765060161265,0.6133320564855218
S10875568,0.015211659886478351,1.0,True,3312,3312,3312|3320,3312|3320,0.21099714846033643,0.21119690024941526,2.1504832921441004,2.1704930245348555,0.6453635380353742,0.6381555614023617
S109658313,0.05903086099328216,1.0,True,3312,3312,3312,3312,0.37526926178891923,0.33331669001550734,1.688064635250905,1.8189700969337557,0.5733060345943355,0.6071871351760744
S110151151,0.026997694491739322,0.5,True,3312,3312,3304|3312|3318,3304|3312|3314,0.12681756565666424,0.15094038041451327,2.610404483525425,2.5197185727503193,0.7833866365507598,0.7733713667921112
S110891900,0.03613562332860148,1.0,True,3312,3312,3312|3320,3312|3320,0.25623303898072086,0.2843883435723705,1.8843483787012358,1.89974269753263,0.6096158196254966,0.6058830177014611
S111364325,0.06338301642339814,0.5,True,3312,3312,3312|3320,3312,0.2772422915971899,0.28060279992210263,2.0392896292645037,2.054483272141603,0.6056164151376908,0.6165537756965525
S112282628,0.017807548703529456,1.0,True,3106,3106,3106,3106,0.565473209703327,0.49896811138804137,1.0222624271580198,1.1607201588876228,0.4439629311717529,0.5040943600387603
S112424246,0.0552263687824887,1.0,True,3320,3320,3312|3320,3312|3320,0.2966023875114783,0.2734375,1.5404616279641814,1.5746794417481091,0.7010943004432176,0.8092251548780777
S112444171,0.05836246079982129,0.5,True,3312,3312,3312,1202|3312,0.3125075373519106,0.25667640271377873,1.8615965457461532,1.969317642165814,0.6322415098149408,0.7102811990719415
S112540174,0.013313074338896728,1.0,True,1311,1311,1311|1312,1311|1312,0.1631729829648632,0.17004913285117518,2.5374285412742523,2.5351149728119085,0.7027101148960013,0.6826621181103811
S112879492,0.02640919954433714,0.5,True,3312,3312,3312|3320,3312,0.3300229759894767,0.37256453336768103,1.5796106249337953,1.4218213101748214,0.5697241037818758,0.5387610546460183
S113036218,0.008180402834166288,1.0,True,2611,2611,2604|2611,2604|2611,0.3058671609009532,0.3038346636555295,1.6702865591162372,1.6218308230228646,0.5255689954544815,0.5413804288654952
S113116626,0.013623926890322748,1.0,False,3318,3312,3312|3318,3312|3318,0.24755821338302467,0.22552804227309062,1.9203624935236419,1.981812350851959,0.6307598425714396,0.6615452149536826
S113184965,0.015266915530649875,1.0,True,3312,3312,3203|3312,3203|3312,0.22317464885519292,0.19089967167011412,2.253123106380814,2.36652539054325,0.6337278565736068,0.633155316608787
S113281486,0.019542065417184274,1.0,True,3312,3312,3312|3320,3312|3320,0.20923158677250173,0.22899366644335203,2.2938974176391422,2.165478751430079,0.640124262501435,0.6193262028931089
S113416816,0.02783251288680604,0.75,True,3109,3109,2604|2610|3109,2604|2610|2611|3109,0.13540586000000007,0.1115146296875398,2.5563144120666177,2.7600265992174755,0.7444158233111072,0.7587522268957283
S113566553,0.01743940189273681,1.0,True,2604,2604,2604|2610,2604|2610,0.18519999999999998,0.17672438335608495,2.09863510034981,2.118335230273336,0.6893150381637814,0.7194359418761087
S114339905,0.03068925451118589,0.6666666666666666,True,3312,3312,3207|3312,2805|3207|3312,0.16752624280182957,0.14618276000000002,2.191693026289863,2.392270426025202,0.7582737481095325,0.7527469809292963
S114448247,0.012920869210852745,1.0,True,3312,3312,3312|3320|3321,3312|3320|3321,0.1632247701718738,0.15925789998741852,2.459966954889531,2.520117317599783,0.6864668492443801,0.6927993474082667
S114567169,0.023048736955072528,1.0,True,3312,3312,3312|3318,3312|3318,0.250678126527163,0.20145479443073216,2.314145636346761,2.555435014925858,0.6273302408312541,0.679420114942392
S115207144,0.027261990159184863,0.6666666666666666,True,3109,3109,2608|2610|3109,2610|3109,0.15792458068817727,0.17292359556457332,2.4580048615002936,2.3481948984588263,0.7299640380899254,0.704697113063856
S115516119,0.04232511713455411,1.0,False,1311,1312,1110|1311|1312,1110|1311|1312,0.12724746387159977,0.12658656916941838,2.7744371737498676,2.768309597387078,0.7092077858182798,0.7315462133753294
S118419795,0.05491227447378631,1.0,True,3312,3312,3312|3320,3312|3320,0.2363347244363855,0.246339054524628,2.366103055105517,2.324439007501376,0.6602736292848802,0.6591609086125382
S119250532,0.007451083307642242,0.6666666666666666,True,1312,1312,1306|1311|1312|2730|2740,1306|1311|1312|2403|2740,0.07824827924929217,0.0738844960249009,3.168450548175727,3.2312876748773895,0.7562557640831357,0.7657973158606964
S120226629,0.0381674378032722,0.3333333333333333,True,3312,3312,2003|3312,3312|3320,0.2363498210914533,0.21349032979913699,1.9918442308267594,2.1226144920314844,0.6648939387576622,0.6769632937761565
S120820016,0.008004439107030383,1.0,True,3312,3312,3312,3312,0.4050910241539205,0.45675928,1.3074324059412754,1.2470135136746672,0.5452416628752461,0.5200450277460985
S120959427,0.06325858624229788,1.0,True,3316,3316,3316,3316,0.43207125121763695,0.4214166020337261,1.1511613815969073,1.2673186668286982,0.48007158388259763,0.5100065497175998
S12146737,0.014908741343695998,0.5,True,1311,1311,1311,1311|1312,0.29326847225664204,0.26556123387109914,2.049941276264951,2.14545142432972,0.5385140610111292,0.5572387467370885
S121703463,0.009438642959503307,1.0,True,1311,1311,1311|1312,1311|1312,0.203371152168988,0.19817752168211067,2.505614328940641,2.50538093186251,0.6170790533034614,0.6196757760146798
S12175909,0.019590610754120122,1.0,True,3312,3312,3312|3320,3312|3320,0.2297026898844432,0.22884550210264326,2.103311736438455,2.019106955430234,0.6184033151908909,0.6059372854411242
S12205661,0.026603701500432612,1.0,True,3318,3318,3318,3318,0.36368141801995146,0.3671805787836389,1.6031342220783344,1.5877046517923123,0.5112859765245248,0.5299888330504037
S122378449,0.011939232729816542,1.0,True,3312,3312,3312|3320,3312|3320,0.34967137746216,0.31488520389192637,1.3791906074662326,1.462197264156537,0.5989748703153785,0.6654746534508619
S122471516,0.022119569933671326,1.0,True,3312,3312,3312|3320,3312|3320,0.17691983579617912,0.1844845242584316,2.5935315155202283,2.5564370625750583,0.6938899850413697,0.6978010224765278
S122892125,0.03650073161380327,1.0,True,3320,3320,3312|3320,3312|3320,0.22096709097248757,0.2151745953915213,2.1742678666262716,2.171680027087187,0.6457014697859217,0.651724712710686
S123043354,0.03173031666081543,1.0,True,3312,3312,3312|3320,3312|3320,0.1916782794616219,0.18146865559995484,2.564538905811394,2.59096399655358,0.6818405899518312,0.6932030546197805
S123665906,0.03250481396528047,1.0,True,3106,3106,3106,3106,0.3245988599999999,0.3413580381940586,1.5981195621660311,1.5304405084581996,0.6055645492169043,0.5799193868521677
S125685628,0.021145908869238013,1.0,True,3106,3106,2505|3106,2505|3106,0.1998356151246688,0.1913161313131013,2.1618212484710053,2.2288954642753662,0.7100690806823327,0.7013397454099568
S126647188,0.0187899352040321,1.0,True,3312,3312,3312,3312,0.3502145872330269,0.29420314000000003,1.878318900194426,2.0188133537591444,0.583532575467193,0.619629691815422
S127589907,0.032271143725716545,1.0,True,3312,3312,3312,3312,0.5646887821095338,0.5188581625106777,1.2449233865766283,1.2399705187838979,0.4228049538078936,0.4472248295745112
S129389861,0.022643874579238325,1.0,True,3312,3312,3312|3320,3312|3320,0.22117472624112175,0.22418506477110356,2.167269667018328,2.2383202775721873,0.6733001783649323,0.6458427128749206
S129511265,0.0094388827530343,0.5,True,2604,2604,2602|2604|2608,2602|2604|2610,0.1637462576140602,0.16652600374045606,2.2026960967214038,2.145311864778556,0.641439809048925,0.6584555858744818
S129906632,0.12361320692071973,0.2857142857142857,True,3312,3312,2202|3312|3315|3320,1208|3304|3312|3318|3320,0.08839734797804193,0.10337210577584248,3.018147630931585,2.9066210866207443,0.779641155917077,0.7990521623381633
S130611943,0.019143683317329303,1.0,True,3312,3312,3312|3320,3312|3320,0.20556560540213584,0.20309346989066085,2.5985151099171495,2.6064431758072217,0.624810810458752,0.6221140729478234
S13068289,0.021644859277986143,1.0,True,3312,3312,3312,3312,0.3081779330379611,0.33589480000000005,1.7899599845882612,1.6507721649456768,0.5560823349442355,0.5422105432667006
S131679521,0.05207957911676153,1.0,True,3312,3312,3312,3312,0.3126601395186687,0.3081818292029886,2.024912265017813,1.9787127372753408,0.5842661765952875,0.5938149147908398
S131700781,0.04812946999048357,0.5,True,1311,1311,1311|1312|2740,1311|1312|2403,0.14556576784071731,0.16904121997742294,2.6738214259561044,2.6767808905417687,0.7582382479871781,0.7413020609437226
S132495599,0.03143661474019736,1.0,True,3312,3312,3312,3312,0.3577985729050278,0.3612792699229119,1.684152952370822,1.6282027452605028,0.5621840667266388,0.5746841298331102
S132665167,0.013577683257541624,1.0,True,3312,3312,3312,3312,0.44071837502125655,0.44432565068688085,1.3829218974900823,1.3948547848736634,0.5106707020893542,0.5150771519323905
S133648787,0.014764550039793075,1.0,True,3312,3312,3312|3320,3312|3320,0.29465900005460355,0.26087785323293294,1.7231291944575533,1.7923041912953388,0.5659768419200888,0.6326047401461682
S133992056,0.012945689875399968,1.0,True,3106,3106,3106,3106,0.5951904106792706,0.5113015649218124,1.0541816370402433,1.3590470061800053,0.2919428418322257,0.3510659876226049
S134425043,0.01441782531648805,1.0,True,1311,1311,1311|1312,1311|1312,0.2648378479042678,0.27383025331236,2.1996326989991113,2.117545261366672,0.5514267977315332,0.54699956302968
S134651815,0.018537429334597472,1.0,True,3106,3106,3106,3106,0.35008163179876733,0.3007649516928038,2.032929580575327,2.2159142595881387,0.5223595708060466,0.5457321415009689
S134776053,0.026012712900470233,1.0,True,3320,3320,3312|3320,3312|3320,0.1678484458261442,0.1796732035316592,2.4843580599259765,2.4083705042556263,0.7045105123493846,0.6829620758977198
S134986326,0.039579032599336914,1.0,True,3312,3312,3312,3312,0.3143427706488362,0.34712973580032713,2.0935436007059427,1.9415839545022082,0.5987527737042512,0.5654022099925988
S135066301,0.019437300264070874,1.0,True,3109,3109,2608|3106|3109,2608|3106|3109,0.14585913782076274,0.14906792480821057,2.4968209632186884,2.5448190284645156,0.7080447236717134,0.7101452712179336
S135297974,0.046397565953475384,1.0,True,3312,3312,3312|3320,3312|3320,0.19583530042601108,0.16231884669932334,2.3018062131718064,2.5051850777318276,0.7341127282193712,0.7365597454704469
S135892541,0.021431207141323336,1.0,True,3312,3312,3312|3320,3312|3320,0.21082106132455605,0.2009363369197218,2.180282572371071,2.2534960662483225,0.6349128411204894,0.6562330993269343
S138240904,0.0053170195081989734,1.0,True,2604,2604,2604,2604,0.3536885841799503,0.32929962760997167,1.6436700254753533,1.6972676740380201,0.4881275980679,0.5093527929799182
S13880985,0.04391013173931348,0.6666666666666666,True,1312,1312,1311|1312,1110|1311|1312,0.18321791554019862,0.16804437944366743,2.0796109115416255,2.196221468944452,0.7062842620465362,0.7458879210891965
S139866111,0.08132863372334356,0.5,True,3312,3312,1211|3312|3320,1211|2309|3312,0.14456882080919453,0.15146029254410015,2.73136148049086,2.5617526540540494,0.7745553698846955,0.806075916522024
S139935717,0.011430632751774208,1.0,True,3312,3312,3312|3320,3312|3320,0.17505670510401442,0.16939714233692565,2.4175493493983873,2.4424545184170636,0.6646026357160519,0.6666885272689171
S140176541,0.015023512327388154,1.0,True,3312,3312,3203|3312,3203|3312,0.2577632088759857,0.26569075282448734,1.9250064397935138,1.994952301529902,0.5840721243364432,0.5611130800775024
S140231038,0.0787581664450547,0.6666666666666666,True,3312,3312,2002|3312|3320,3312|3320,0.14818246501117754,0.1887170432414109,2.412739363220399,2.1631846909043873,0.7591876953689745,0.7220887894424859
S140378306,0.007367290335695404,1.0,True,1311,1311,1311|2303|2309,1311|2303|2309,0.12789291093771,0.1262911984689645,2.5316836465534074,2.547301661817634,0.6731052772198926,0.6772576793213019
S141683002,0.012602964540330563,1.0,True,3312,3312,3312|3320,3312|3320,0.28492997314532936,0.27460470631269035,1.8726300832131608,1.9553919049801762,0.5747620002537855,0.5642068408618647
S141724154,0.03236803832458235,1.0,True,3312,3312,3312,3312,0.4842458943364085,0.4743901814137318,1.5007492983593804,1.5120814911534664,0.4370282150146759,0.44457328448680516
S141988568,0.055909027992000516,1.0,True,3312,3312,3312|3320,3312|3320,0.20894083860339374,0.23034633267452975,2.5595563952265907,2.4911085211851756,0.6611788920323495,0.6470163689513461
S14335163,0.03552382745851017,1.0,True,3320,3320,3312|3320,3312|3320,0.2102735025977845,0.19536885110613972,2.0238680413071166,2.168939462054215,0.6873526860726678,0.7124071201380485
S143967217,0.04759201633621466,1.0,True,3312,3312,3312|3320,3312|3320,0.2308514400874229,0.21376619875641334,2.356420181600064,2.420641782691928,0.6997960086000312,0.7188681674878715
S144178814,0.02018473742813763,1.0,False,3318,3312,3312|3318,3312|3318,0.3212685982811316,0.29699372948104863,1.6212539844124487,1.6838571964769995,0.49190965764575534,0.5109042907570862
S144751283,0.020071570987713866,1.0,True,1311,1311,1311|2735,1311|2735,0.2786025975015857,0.2493172971831334,1.745526270030777,1.901792871970772,0.6160941863741775,0.6458931176455089
S145066639,0.028157253849437538,1.0,True,3312,3312,3312|3320,3312|3320,0.3033304608745205,0.2779311413392901,1.6535949477051421,1.847284759403787,0.5836464631843594,0.5976251660331525
S145715788,0.031150927579766063,1.0,True,3320,3320,3312|3320,3312|3320,0.25798653877644007,0.22798257116146753,1.7829818516779723,2.006614626926651,0.6055421301964722,0.6313973060383811
S14636018,0.01982351709486653,0.5,True,3312,3312,3312|3320,3312,0.31385869860113325,0.3332790750388214,1.5638994547709146,1.633183245121825,0.6521967295701895,0.6188509915242814
S147265922,0.04493409622382431,1.0,True,3312,3312,3312|3320,3312|3320,0.22165953505006625,0.21459200000000003,2.33487101453069,2.4370016564195836,0.6864850088146444,0.6910812548540671
S147353869,0.024617880884987967,1.0,True,1311,1311,1311|2303,1311|2303,0.17950517541950758,0.19947714116444856,2.1253127204025333,1.9798231519240796,0.6875715078236635,0.6849718021619294
S149201819,0.01657938233915455,0.5,True,1311,1311,1306|1311|1312,1311|1312|2730,0.13488478873360915,0.1302768640433081,2.6373160266513636,2.7277238990600186,0.6928158284950788,0.7046195460721635
S150607185,0.012469039087396768,1.0,True,1311,1311,1311|1312,1311|1312,0.16872146000000007,0.1684975133432297,2.4121391397409173,2.4328220118283834,0.7024310214640321,0.701964050366064
S150708946,0.01113105155173368,1.0,True,3312,3312,3312,3312,0.4068244527466335,0.37691989587415187,1.4474553923590405,1.531595014995606,0.5220591791160941,0.5524061331961045
S150892397,0.013285229126086772,0.3333333333333333,True,2604,2604,1703|2604,2604|2608,0.21757734036076207,0.20177995167654897,2.114458255057895,2.214740389071973,0.6489857591334371,0.6390389952341257
S151245446,0.025954420207919025,1.0,True,3304,3304,3304,3304,0.3197643939235714,0.29369630677485775,1.956798566321281,2.024041396079807,0.5811186973522137,0.601088083219566
S151579836,0.004397238197760216,1.0,True,2604,2604,2604|2610,2604|2610,0.17347736000000002,0.1725267021894303,2.374370154224909,2.384793118760544,0.5709153411225066,0.5671741871837405
S152450506,0.02953692575672672,1.0,True,3312,3312,2308|3312|3320|3322,2308|3312|3320|3322,0.13522220570882817,0.11892350464491773,2.6318104964549667,2.7123889184734464,0.7737894044740233,0.789865761564511
S152704329,0.022958450427260545,1.0,True,3312,3312,3312,3312,0.38911180416229413,0.42567290026680693,1.2431267274078313,1.1714472936377733,0.5657713554774277,0.563347067064671
S152710239,0.03226104529393571,1.0,True,1312,1312,1110|1311|1312,1110|1311|1312,0.12303903506178633,0.10978741172977159,2.7423586465565633,2.86830666663246,0.7122736399348778,0.7224422609435428
S152731354,0.03297977282287732,1.0,True,2604,2604,2604|2608|2613,2604|2608|2613,0.1413765720342487,0.16071058918253747,2.3172971425164097,2.245860194735248,0.7735327896198418,0.7770143022605362
S153791594,0.11420585755848972,0.5,True,3312,3312,3312,1208|3312,0.3667133399999999,0.25612316280620717,1.3712278711104697,1.7057840304779752,0.7046717299748726,0.8203087205327212
S156070145,0.06923546562542857,1.0,True,3312,3312,3312|3318|3320,3312|3318|3320,0.1265978604900448,0.12612164566165493,2.623628717922358,2.617326818371988,0.7873552508289506,0.7772785494711053
S157620343,0.03870943140792897,0.6666666666666666,True,3312,3312,3312|3318,3304|3312|3318,0.1909377844810728,0.17673029595992057,2.4529953245386347,2.507403038910052,0.7212152219580573,0.7372118573385151
S159327246,0.011155470403927815,1.0,True,3312,3312,3304|3312,3304|3312,0.22781653750233943,0.20777846307409106,2.180883004317834,2.2550818652132714,0.6693733530812446,0.684221324323978
S159612214,0.010320079772433894,1.0,True,3312,3312,3304|3312,3304|3312,0.27860164819665545,0.2599395799999999,1.8558259483611037,1.933108773960965,0.6420717138863539,0.6349464697676754
S160173694,0.026459272814441947,1.0,True,3312,3312,3312|3320,3312|3320,0.30201794000000004,0.25212419959487,1.6356696321241515,1.8401963305752544,0.5773196132778403,0.6366642372380124
S160300278,0.013364263278789309,0.5,True,3320,3320,3320,3312|3320,0.3240205108619672,0.304991965343149,1.6706126080435026,1.6967765209850671,0.5896529506146342,0.6119827680804961
S160362754,0.01769509001471791,1.0,True,1311,1311,1311|1312,1311|1312,0.20561638132331955,0.20883021523494863,2.37756805669886,2.376709651855624,0.6282898815081464,0.6280630417019322
S161550498,0.038458191724316144,1.0,True,3312,3312,3312|3320,3312|3320,0.17041610349947364,0.19023325161409255,2.2998374433453246,2.186259326764287,0.6761846447798335,0.6560999842861793
S161901644,0.015867548454607458,0.6666666666666666,True,3312,3312,3304|3312|3320,3312|3320,0.19423873580477358,0.198203245690928,2.569371359463633,2.528182866953536,0.7013315477243393,0.6853525300573428
S163559066,0.03316440227494346,1.0,True,3312,3312,1202|3312,1202|3312,0.22127120202769357,0.20169386920921947,1.9842479903125505,2.06714099916446,0.7156661838794521,0.7151817040549429
S16390937,0.056019839545850325,1.0,True,3312,3312,1408|3312,1408|3312,0.25353454012017224,0.2365126066860075,2.1277316119531244,2.279070763447864,0.6695077319442925,0.6839528475783837
S164212335,0.05039841078632066,1.0,True,3312,3312,3312|3320,3312|3320,0.2279215200502532,0.27253109912043044,1.9853566355770302,1.770252228178585,0.6742733164533358,0.6124652385432631
S164505828,0.013521498008272835,1.0,True,3320,3320,3312|3320,3312|3320,0.31572064895074514,0.2894525501336751,1.680273217731753,1.804255844016097,0.5042527289669283,0.5304766649956558
S165431477,0.03150612010967259,1.0,True,3312,3312,3312,3312,0.4011796707181598,0.35201652547039824,1.7196210264909713,1.7523421422083736,0.5342303089810501,0.5669097622080574
S16648056,0.08077023444867906,0.5,True,3312,3312,3205|3304|3312|3600,3205|3207|3305|3312|3600,0.13454606672788486,0.11012235919225535,2.8577859934537444,3.0316502618563828,0.7856270251667945,0.8060326939815987
S16719124,0.018408932176494967,1.0,True,2604,2604,2604|2610,2604|2610,0.17661455875892115,0.1708240073121319,2.173861829427785,2.2341641311243086,0.6672183601864322,0.6634891152801632
S16770927,0.03960764041638692,1.0,True,3312,3312,3312|3320,3312|3320,0.2851058808119835,0.28940294651666715,1.664338983111302,1.618992224399332,0.6697792785307629,0.6515304003623058
S168233274,0.03360465310930119,1.0,False,3320,3312,3312|3320,3312|3320,0.21947318194829346,0.2846430957727235,1.8696498357945823,1.6454121849363177,0.7797045421473641,0.7145934323742156
S168777572,0.0549680470394853,0.6666666666666666,True,1312,1312,1311|1312|2735|2737|2740,1311|1312|2705|2735|2740,0.08009018723654547,0.07759999999999999,2.8895800496525923,2.9752242086082603,0.8581307362187418,0.8584682422583856
S170381558,0.007504793560400425,1.0,True,2604,2604,2604|2610,2604|2610,0.19372038997858707,0.17441371226709396,2.1378720440965933,2.1924301786399147,0.6561720989995101,0.6811167307858748
S170643298,0.023207987695451328,1.0,True,3312,3312,3312|3314,3312|3314,0.20591831036730324,0.17283591050133526,2.0298776062592263,2.2451454552473487,0.7321235890404364,0.7494479647154242
S171076169,0.02827310563198652,0.8571428571428571,True,3312,3312,1211|1710|2002|3304|3312|3320,1211|1710|2002|3304|3312|3315|3320,0.07538227399194478,0.06701048584844554,3.160859603817396,3.2422817013408984,0.83528044564314,0.8517386844917071
S173252385,0.032133700697060105,1.0,True,3312,3312,3312,3312,0.2842370945765443,0.2894722758637449,2.105154261257165,2.135628849924065,0.5969764709427455,0.5959585777560198
S173864314,0.03853375058422487,1.0,True,3312,3312,3312|3320,3312|3320,0.17985075804988235,0.19963623160888716,2.439124718683762,2.3925044182419857,0.7171370682085403,0.7034300423554882
S173952182,0.0037940642281195413,1.0,True,3106,3106,3106,3106,0.5267097635372678,0.4839158400000001,1.099609509272643,1.225689138383408,0.3068518760909322,0.32198524079222
S174538591,0.006991202184250414,1.0,True,3312,3312,3312|3315,3312|3315,0.24873842624163514,0.232912324096015,1.9331468061560535,1.9934172808735713,0.5577882621103353,0.560681330321984
S175220671,0.08776146920379091,1.0,True,3312,3312,3312|3320,3312|3320,0.2874804006610483,0.20126068012341786,1.7172579475813388,2.037577851140217,0.6910754364667366,0.7524150956695329
S175590358,0.025872703578392782,1.0,True,3312,3312,3312,3312,0.3734968638056477,0.35074007450750067,1.4690476301097983,1.5680192141625493,0.5298469326972726,0.5534419839762822
S176933442,0.009909880168022068,1.0,True,1311,1311,1311|2303,1311|2303,0.29208618984116985,0.26985595849450494,1.7240917150585235,1.8314847203404745,0.5755159532374183,0.5925136092358183
S17740374,0.034719980134996734,0.4,True,3312,3312,3203|3312|3318,3305|3312|3318|3320,0.17039550290402833,0.1478974182382893,2.553439129072566,2.630946386220489,0.7302827419030722,0.7661491524441902
S178410430,0.023857715397998303,1.0,True,3312,3312,3312,3312,0.29494763615138403,0.2977391548535792,1.9253324721357614,1.8981225852092802,0.6538877136726453,0.6699539902956274
S179765101,0.03659870145381956,0.3333333333333333,True,3312,3312,1207|3312,3312|3320,0.23164712496325562,0.214575430460684,2.108930968926929,2.154634292812051,0.6141347778385559,0.6537442174509681
S179905963,0.013467980128246427,1.0,True,2604,2604,2604,2604,0.31640062405153946,0.36096488909653235,1.7900056808781721,1.6390699829588335,0.5632395725286363,0.5157464506444127
S180716411,0.025169740042166676,1.0,True,3312,3312,3312|3320,3312|3320,0.25736206407585976,0.2724193586985927,2.095868835009233,2.0412877639774605,0.6684333284244821,0.6603881359700086
S180901878,0.005633569621848486,1.0,True,1311,1311,1311|1312,1311|1312,0.18064761833755374,0.18463147348888495,2.5335134523026235,2.5219455455850017,0.6114967577965271,0.608704691527493
S180943771,0.042318449214813286,0.6666666666666666,True,3312,3312,3312|3320,3312|3316|3320,0.18426603556903473,0.1648172023262933,2.3440884991297004,2.3252190841540963,0.7194656363844811,0.763738527705779
S181098927,0.026532949592885907,0.6666666666666666,True,3312,3312,3312|3320|3600,3312|3320,0.1782725928390128,0.2102106188433168,2.732948202564038,2.5617997203689797,0.7059690764864455,0.6729778978969974
S181266130,0.017413991673304034,1.0,True,3312,3312,3312|3320,3312|3320,0.24336995001854647,0.21626809487252735,1.9781771116765934,2.092860885898377,0.622449214920949,0.6501837907910196
S18131899,0.03303231540017582,0.5,True,3312,3312,3312,3312|3320,0.35454319217580726,0.29946066540982996,1.5975328142141174,1.8202764139291219,0.5026764490138335,0.5462679161410215
S182554291,0.03851138908027538,0.8,False,1311,3600,1311|1312|2002|2739|3600,1311|1312|2739|3600,0.07679153775620298,0.07771580182861612,3.060148154897951,3.0682376449911883,0.8136095024908457,0.8013907094576146
S182709241,0.019461129216719098,1.0,True,3312,3312,3312|3320,3312|3320,0.29603222104713,0.3086878227815996,1.6190076657430346,1.5713700733337617,0.631204534714605,0.6126320072412289
S184365670,0.01994625826309255,1.0,True,1311,1311,1311,1311,0.46430900292567495,0.42015606076944984,1.417401098312877,1.5486009636620355,0.4350396256746925,0.46473767109228586
S184577771,0.013523096035477036,1.0,True,2604,2604,2604|2610,2604|2610,0.23520604720479626,0.2256199416592008,1.8269040960032754,1.9010688070766246,0.6589163698709151,0.6709938773459708
S184583347,0.04357996399025538,1.0,False,3312,3600,2002|3312|3600,2002|3312|3600,0.12554622483828207,0.13366594102977428,2.6512759543687485,2.5536248444282235,0.772069258413632,0.7748031678291414
S184885884,0.014520082463656917,1.0,True,3312,3312,3312|3320,3312|3320,0.3577836728298593,0.37158553138568967,1.439625217800474,1.3451370993143617,0.47285748331583016,0.4653854977788242
S185232611,0.024470565520324943,1.0,True,2604,2604,2604|2610,2604|2610,0.21053601265935448,0.2109138993573635,1.9854394562577249,2.0002067534739543,0.6743014442838939,0.6793167620815173
S186310538,0.035829740734912935,0.5,True,3312,3312,1710|3312|3318,3306|3312|3318,0.16466920573093935,0.19376475815267072,2.17923993342691,2.0918747285996604,0.8047265639831684,0.7383399958171853
S187585107,0.0015954825895810936,1.0,True,3106,3106,3106,3106,0.6149703741616711,0.5896136347540153,1.0211987201164212,1.1080451932559356,0.2494168980155866,0.26352584922520017
S187806540,0.007809904641563165,0.75,True,3109,3109,1705|2805|3109,1702|1705|2805|3109,0.12397407307380844,0.12007328345595839,2.851007669985499,2.8749613876560183,0.6469683022705476,0.6421141644647677
S188931513,0.01780834726918202,1.0,True,3312,3312,3312|3320,3312|3320,0.2695870999999999,0.2607948396409309,1.7946552873842985,1.8217074219618248,0.5805987185437924,0.5983557221946532
S189157259,0.027970541979926607,1.0,True,3312,3312,3312,3312,0.42959744621478263,0.36853523926679427,1.4147993240368124,1.5930950413088243,0.5693571322518357,0.5882812071432113
S18992820,0.02098633715193149,0.5,True,1311,1311,1311,1311|1312,0.3384830778394993,0.323075717697675,1.7351936724162402,1.7744276262015823,0.46134042833194794,0.46613736599186784
S190552063,0.024076562237294038,1.0,True,3312,3312,3312,3312,0.4454626546564507,0.4787960071820466,1.680282188652322,1.533645313264715,0.4940266618196598,0.4707181924683052
S190942573,0.03994528625909023,1.0,True,3312,3312,3312|3315,3312|3315,0.20850896970885205,0.23724699954833792,2.233299319663571,2.164889272540114,0.7027254536525772,0.6811996863826228
S191292005,0.005928363058907912,1.0,True,3312,3312,3312,3312,0.4590061485821804,0.5118525357795624,1.3391957843659819,1.2184797607427111,0.581605339338243,0.5291790364013539
S193008421,0.024216784556278216,1.0,True,3312,3312,3312|3320,3312|3320,0.22089729174419725,0.2172533879498178,2.1219893107114745,2.117563610587699,0.6512972485462563,0.6663082891694947
S193055789,0.0561734324868325,1.0,True,3320,3320,3312|3320,3312|3320,0.1962527536905021,0.23021033143149208,2.167942274257697,2.104352603215263,0.736283648463122,0.6807905860137744
S193359815,0.020868992445226935,1.0,True,3312,3312,3312|3318,3312|3318,0.259608181726228,0.25919644453904345,2.2548560481236084,2.2372808334601677,0.6071932919628864,0.6106846423135075
S194005134,0.05881787392141731,0.5,True,3312,3312,3312,3312|3320,0.3070681832738277,0.21527493111237958,1.8936016345628375,2.1875538404166734,0.6039244546977106,0.6796018111404607
S194011547,0.012945648269565593,1.0,True,3320,3320,3312|3320,3312|3320,0.268720182637317,0.2767127297788286,1.770559801885996,1.7676275673990491,0.6013233130024773,0.5805927213730154
S19523265,0.016263398310771414,0.6666666666666666,True,3312,3312,3312|3320,1211|3312|3320,0.15058079662969742,0.13789072355638926,2.6973226348768273,2.730556462854963,0.6700837199107479,0.6813899260778735
S195279327,0.03613005792767164,1.0,True,3312,3312,3312,3312,0.4124837837136611,0.4042026589732243,1.5174715340098406,1.4750722489268393,0.5750051417909398,0.5936127415702658
S195570583,0.0454343942168592,0.3333333333333333,True,3312,3312,3306|3312,3304|3312,0.1818810403086349,0.23233581930278624,2.3480851855906626,2.254367668103488,0.720692330073364,0.691927830190225
S197264859,0.04814386981072061,1.0,True,1312,1312,1311|1312,1311|1312,0.19354678064917924,0.15676823049953323,2.350353495963292,2.598453204249657,0.6558786311244936,0.6866604096579436
S198031716,0.03317233256782458,1.0,True,3312,3312,3312,3312,0.51824142,0.48051111999999996,1.1339286184255863,1.2852881438565598,0.5453043981748891,0.5581935485325767
S199451182,0.03152920737131171,1.0,True,3320,3320,3312|3320,3312|3320,0.20997285600340407,0.21005600744998099,2.110668918025722,2.102452804621998,0.6731535039366232,0.6801759718109831
S199718347,0.01733984055912962,0.5,True,3312,3312,3312|3320,3312,0.3895427873033672,0.3981346640296775,1.2596605325629942,1.260696113103623,0.46515405513911695,0.45470000761064716
S199832308,0.02801644480850886,1.0,True,1311,1311,1311|1312,1311|1312,0.1419679253402403,0.16272494039052107,2.698071352978093,2.6163804046300068,0.6862133789764793,0.6722767764740291
S201345032,0.1036468776546975,0.5714285714285714,False,3310,3320,1203|1208|3310|3312|3320,1202|1208|3310|3312|3314|3320,0.08941767891968909,0.06700522801793281,2.583948858158572,2.8968255679697354,0.9120205732404252,0.9238816494232668
S20177303,0.009534383968989828,1.0,True,3312,3312,3312,3312,0.33789346909662255,0.3267234914310511,1.7532560851761219,1.7765383446161915,0.5206718309579483,0.5223273292501485
S202534398,0.01515230975945855,1.0,True,3312,3312,3312|3320,3312|3320,0.16340846653575325,0.1483606459758418,2.584532493470465,2.6757076747284767,0.6541060682529505,0.6707742230839636
S20255291,0.006171872352323411,1.0,True,3106,3106,2505|3106,2505|3106,0.22999466746687972,0.22489288815954833,2.295672489829496,2.334652399180683,0.5728678858771561,0.561365239749582
S202580180,0.027085917712610666,1.0,True,3316,3316,3312|3316,3312|3316,0.16620453703690352,0.15768538569609644,2.465441772549549,2.5392608984233056,0.6439469036746,0.6670570099784485
S20330309,0.012631573167641528,1.0,True,3312,3312,3312|3320,3312|3320,0.21552460192564432,0.1967364164763448,2.1720450204935564,2.3151636657094823,0.6834512995822203,0.7105878044716849
S203532909,0.03573182395343338,0.5,True,3312,3312,3303|3312|3320,1100|3312|3320,0.12781580856394206,0.11755847908946973,2.799682591967699,2.8800856534318147,0.7232077549264498,0.7220098199972602
S20435353,0.023282580621167344,1.0,True,3312,3312,3312|3320,3312|3320,0.21963386352739275,0.20042207233830348,1.9247921220137236,1.9894484521972207,0.710766780183879,0.7538481373147197
S2047265,0.02864414241411537,1.0,True,3312,3312,3312|3320,3312|3320,0.25689215849499347,0.2780555544901028,1.9557978954619637,1.8193441573381353,0.6528613764078792,0.6421486617500684
S205778772,0.043802558009958165,1.0,True,3312,3312,3312|3320,3312|3320,0.3065239973379754,0.2703133345212752,1.5578692055360406,1.7044623877675662,0.6269326880625274,0.6458603110437375
S20589029,0.018388381971933307,0.6666666666666666,True,3312,3312,3312|3315|3320,3312|3320,0.15789209044343175,0.17574784840221516,2.6799848888631495,2.594448673727971,0.662861960268573,0.6504033717463921
S206553565,0.14966341323625543,0.625,True,1110,1110,1102|1110|1311|1312|2746,1102|1110|1311|1312|2705|2725|2739|2746,0.07906266756676636,0.04917825546029923,3.2294422078606044,3.5515992506810043,0.8095901538242887,0.860548486996311
S208089930,0.010321352589816254,0.3333333333333333,True,3312,3312,3312|3322,3312|3600,0.25793606987432954,0.2503829631699496,2.0531864092366603,2.114371736169394,0.6097434003132738,0.6216551110997582
S21763754,0.03870127538509302,0.6666666666666666,True,3106,3106,3106|3107|3108,3106|3108,0.15737726105061284,0.17259493106863022,2.370127500872938,2.2763006992445773,0.7559023674264989,0.7476708566965621
S22127372,0.05133283457985896,1.0,True,3312,3312,3312,3312,0.357242101540399,0.38648672835936815,1.7085368575061475,1.5883886382846442,0.5703236142257875,0.5217201287806504
S22454499,0.007792007554469894,0.5,True,1311,1311,1105|1311|2303,1311|1312|2303,0.13311554117993474,0.13470248,2.5761715132912926,2.5814156215761357,0.6266724785070378,0.6206992526201988
S22496335,0.018206686368064374,1.0,True,3312,3312,3312|3320,3312|3320,0.16008108,0.168949678084496,2.421952137180053,2.3633892037976043,0.6926775059408867,0.6819299768018638
S22785100,0.002577995540884814,1.0,True,3312,3312,3312,3312,0.4305742805503673,0.45760000000000006,1.1685953281420827,1.1225314601479206,0.6005392020332512,0.5768670566279123
S23465295,0.049308423765802065,1.0,True,3312,3312,3312,3312,0.6999327684241294,0.5089864566138523,0.7489416718317634,1.1816090999706703,0.3601648119555915,0.5131663118839299
S23604231,0.027685548895148612,1.0,True,3320,3320,3320,3320,0.3682477822767081,0.3463380295558392,1.6261820711839146,1.7326858020604654,0.5260950296613109,0.5257195281516065
S2391900,0.04939403435252439,0.75,True,3312,3312,1208|1211|3312|3316,1211|3312|3316,0.11047313680507766,0.1257045729558015,2.793142340594075,2.663119728536187,0.7794412108778883,0.7829947602848994
S24688465,0.004595716634651668,1.0,True,3109,3109,1702|2002|2207|2212|3109,1702|2002|2207|2212|3109,0.07640816209164433,0.07598863875282005,3.1627666924691744,3.170771431557903,0.6913588000053008,0.6870397901825721
S2477993565,0.00999388925470392,1.0,True,2604,2604,2604|2610,2604|2610,0.29310504625729533,0.2883694362397183,1.667941783566754,1.7286296717793166,0.5664718458655041,0.5513101134096868
S2483979929,0.02407662502342773,1.0,True,2604,2604,2604,2604,0.36607682314697404,0.3719805101781593,1.3995287000548142,1.2877047028890798,0.5047732787877145,0.5370145716940815
S2491293328,0.07703176441084743,0.8,False,1311,1312,1102|1105|1311|1312|2303,1102|1311|1312|2303,0.08142921562673032,0.08790485739888117,2.949404241803858,2.8138346054293932,0.8510181746454598,0.8537542117006277
S25059752,0.04560670291528652,1.0,True,3312,3312,2002|3311|3312,2002|3311|3312,0.13491032382086848,0.12590239723044602,2.533173694453749,2.5888648389626328,0.7970833188109993,0.8042760826502637
S25369639,0.047195523179734494,1.0,True,3312,3312,3312|3320,3312|3320,0.2208103273446571,0.1951551328814839,2.0769699823498824,2.207612480409591,0.6535351800892837,0.6858333780241378
S25826151,0.015352087409766138,1.0,True,2604,2604,2604,2604,0.3541844833548261,0.3570452599999999,1.693796690966517,1.6594728984111622,0.5752527741111566,0.5635956153796581
S26543813,0.02261992841958713,1.0,True,3312,3312,3312|3320,3312|3320,0.19366732273594764,0.19396528847730388,2.477473046190938,2.507403954655758,0.6546905112748511,0.6377200285248664
S26762059,0.030162661223805374,1.0,True,3312,3312,3312,3312,0.2952586587791693,0.2797746896340584,1.890919674815137,2.0423734092254815,0.6210890914731093,0.6344989742837029
S2736783777,0.053699802077038825,0.42857142857142855,True,3312,3312,1202|2308|3312|3320|3322,1208|2308|3312|3314|3320,0.09550370347709791,0.10415749745893324,2.813923249793633,2.715781897385739,0.8273331224365686,0.8335486274556277
S2736878070,0.026156926590374573,0.3333333333333333,True,2604,2604,2604|2611,2604|2739,0.22809826000000002,0.2666206032131514,1.7588404119340153,1.6530761307140667,0.800482768159423,0.7949615786643667
S2737010151,0.04146036476076494,1.0,True,3312,3312,3312,3312,0.3545923479844796,0.39080006439375475,1.597190656965515,1.5497163742943332,0.6226987103348555,0.6041898526324305
S2737156544,0.029868550090205895,1.0,True,3320,3320,3312|3320,3312|3320,0.24001196724474938,0.2471185656085427,2.1070273708639755,2.087484762967317,0.6257327770552429,0.6199291266237521
S2737200839,0.03530135284120951,1.0,True,3312,3312,3304|3312,3304|3312,0.1827000735128856,0.18349131613389377,2.168274180629573,2.2504174551766964,0.7363963715911013,0.7081118116021061
S2737246436,0.016439555045657736,1.0,True,3312,3312,3312,3312,0.4394701196292246,0.44390124531192515,1.1898279741936548,1.230441471395319,0.6114506236432777,0.5917172696287154
S2737523697,0.04003247218710013,0.6666666666666666,True,1311,1311,1306|1311|1312,1311|1312,0.13245253155408385,0.17002284840698778,2.7297752574868164,2.553699817605105,0.7257724060192549,0.6922697934076298
S2737719478,0.011943425167632532,1.0,True,3312,3312,3203|3312,3203|3312,0.2669046464016732,0.25220654000000003,1.7452684692438842,1.7977822901829112,0.757960465632354,0.7807669282898289
S2737730066,0.04617974874866118,1.0,True,3312,3312,3312|3316|3320,3312|3316|3320,0.1755161390062127,0.18436541879290044,2.486497748759488,2.4329683708391667,0.7240847448446698,0.7225288461955359
S2738228134,0.01672648577560165,1.0,True,3312,3312,3312,3312,0.4872367724821287,0.45482187594046697,1.3017752475661353,1.4330286384350095,0.4807057295453004,0.478356711340875
S2738306786,0.04183854399311952,1.0,True,3312,3312,3312|3320,3312|3320,0.20491713865877798,0.1698644565272781,2.0667173959997864,2.337140359669182,0.6788313892490798,0.709118944501215
S2738497388,0.020842330618201628,1.0,True,3312,3312,3312|3320,3312|3320,0.18177800221756268,0.16978016738757054,2.2668554606328293,2.3471435020134983,0.6802870153109661,0.6970410740605842
S2738560774,0.038964611856733576,1.0,True,3312,3312,2309|3306|3312,2309|3306|3312,0.1584800923967197,0.15099999999999997,2.5489062820972666,2.549468991408764,0.7169217297474593,0.7424223911140062
S2738571386,0.019846105417477507,0.8,True,1311,1311,1306|1311|1312|2725|2740,1306|1311|1312|2740,0.09412260719221884,0.10236120561531391,3.025519143094975,3.0023529714459944,0.7733899158816044,0.7492147102991197
S2738819186,0.017881685467009842,1.0,True,3320,3320,3312|3320,3312|3320,0.24249435839510594,0.26149932796800474,2.0008715598789246,1.8708931944948846,0.692254051546405,0.6747820834326702
S2739021707,0.023355826985555952,1.0,True,3312,3312,3312|3320,3312|3320,0.2276338949250128,0.24278741173280086,2.070962100130168,2.022462526312216,0.6802255994141249,0.6642954905678199
S2739337238,0.020915901117986625,1.0,True,2604,2604,2604,2604,0.44676894000000006,0.45923776000000005,1.172858003358425,1.0688775017449232,0.6545845151100155,0.6641309325989233
S2739376119,0.01958712712450522,1.0,True,2604,2604,2604|2608,2604|2608,0.27122181787827854,0.2862357142804989,1.637460950691237,1.6769386573197105,0.7452405946944187,0.6993377385338035
S2764354353,0.0668517793020505,0.6,True,1311,1311,1311|1312|2720|2735|2739,1311|1312|2720,0.08923333238857768,0.1271650122352779,2.914096529746821,2.5380062637600913,0.8486043646116986,0.8210842465145152
S2764360065,0.05535611835520633,1.0,True,3312,3312,3312,3312,0.30950542,0.2799169950044731,2.058700951040137,2.1863167855777323,0.639571410346167,0.6428079703240527
S2764362400,0.055520017903626026,1.0,True,3312,3312,3312|3320,3312|3320,0.212,0.19187417983341865,2.214081304256159,2.338264802393936,0.6795628301427453,0.7094601151266037
S2764373787,0.006495623990235819,1.0,True,1311,1311,1311|1312|2737,1311|1312|2737,0.13120630032612318,0.1409994084717002,2.7886084716153525,2.7040387520920683,0.7165306355406869,0.7062658713797799
S2764408298,0.023594521978426534,1.0,True,3312,3312,3312|3320,3312|3320,0.2947750220566611,0.308416,1.7373797094658843,1.7602516068343756,0.6132188079343635,0.5781700226688505
S2764409345,0.06509407753815144,1.0,True,3320,3320,3312|3320,3312|3320,0.2603749399134755,0.21526543136729084,1.7756806999947619,2.0648514000473863,0.6557044988575315,0.6892643305530595
S2764466915,0.031043714451999084,0.5,True,3312,3312,1213|3203|3304|3306|3311|3312|3320,3203|3304|3312|3320|3600,0.08458121111435955,0.08616307946883475,3.181671254077608,3.1265643009157964,0.8263764362344073,0.8262176590971896
S2764486912,0.0340045903515824,0.75,True,3312,3312,3312|3320|3600,3304|3312|3320|3600,0.1337254753238769,0.11311079781632317,2.7012994790414204,2.863206724273157,0.713838295742176,0.7282130469985434
S2764488531,0.01896773175450756,1.0,True,3312,3312,3312,3312,0.3909528355233669,0.3647890885344022,1.419701972773688,1.4971060734061301,0.6461342128690585,0.650184906504127
S2764525015,0.02700555343654007,1.0,True,3312,3312,3312,3312,0.37797354436696134,0.3610293248457862,1.4757723382510664,1.4956036069819874,0.5592043498601129,0.5830928406563735
S2764538883,0.0115058671544209,1.0,True,2604,2604,2604,2604,0.294117010460922,0.3004542561442287,1.8782468485189425,1.822183893945287,0.6498288129849689,0.6304323618466342
S2764545783,0.0377406434765393,1.0,True,3312,3312,3312,3312,0.39090144047495906,0.41260428000000005,1.6943197679297735,1.5753504038493291,0.5754304232208708,0.5560295722714453
S2764567269,0.009484563801237989,1.0,True,3312,3312,3306|3312,3306|3312,0.24809864953586833,0.22519986772154565,2.0558652964508926,2.115776453745678,0.6982196985562595,0.732008416552514
S2764579910,0.02874136188895813,0.3333333333333333,True,3312,3312,1202|3312,3312|3320,0.252497867901441,0.23814400000000005,2.010597898508375,2.0210141598621414,0.6956191337725508,0.6863834415187245
S2764592690,0.041662265586798614,0.6666666666666666,True,1311,1311,1311|1312|2804,1311|1312,0.13560353732181898,0.14753115802737932,2.6936416958614147,2.57008850753201,0.7576309405647865,0.7415707888924296
S2764600129,0.05363743206045714,0.3333333333333333,True,3312,3312,3312|3320,3306|3312,0.2258611749222743,0.2188584117120236,1.9158469644148919,1.9577824579378957,0.7074636074453562,0.7418491580186005
S2764699336,0.057117519382033674,1.0,False,3320,3312,2002|3312|3320,2002|3312|3320,0.14983365670899637,0.12983223765769322,2.3369376743455375,2.5706465373848415,0.7675876010600237,0.7799677720400452
S2764722375,0.03642953787554382,1.0,True,3312,3312,3304|3312|3317,3304|3312|3317,0.15586278865002853,0.15708039055469375,2.407502967370455,2.38226475715956,0.7678224871663598,0.7824756775124726
S2764769492,0.02509031214421125,1.0,True,3312,3312,3207|3312,3207|3312,0.2690914901374716,0.24404539663887387,1.9679968068596723,2.0391306432879612,0.6464057490511598,0.692536220895035
S2764779358,0.04580505840073375,1.0,True,3312,3312,3312|3320,3312|3320,0.25058868523115946,0.19339999999999996,2.040054247971968,2.3699998868372036,0.6261491101214622,0.7038288307584557
S2764799895,0.35024886197618316,0.5,True,3312,3312,3312,1211|3312,0.32188238007673536,0.20713610615701855,1.506709117319909,1.8392083437650824,0.7742953178240914,0.8844722522371627
S2764804910,0.014562827046891469,0.3333333333333333,True,3312,3312,3312|3318,3203|3312,0.20534236609952727,0.2120412796236625,2.269247995292428,2.2142352764385427,0.7049815273272756,0.6967268003122904
S2764848433,0.06712940390164016,0.6666666666666666,True,3312,3312,3312|3315,3312|3315|3317,0.198760515909213,0.17765437996637135,2.278982931997559,2.3953352439554596,0.7171001668489823,0.7188440075154677
S2764866499,0.09509307415759657,1.0,True,3312,3312,3312|3320,3312|3320,0.2267173578744555,0.19815158956739964,1.9660258744561303,2.1646708309265685,0.7911870148618507,0.7807399682336881
S2764876117,0.030686004163919266,1.0,False,3312,3318,3312|3318,3312|3318,0.23423047814061096,0.2543993300919902,1.8705950002566487,1.750124657425393,0.6907534430105075,0.682323279535408
S2764890657,0.050529919035923104,0.75,True,3312,3312,1207|3312|3314|3320,3312|3314|3320,0.10906199237615999,0.11342341088005747,2.8721681797828884,2.8474692005298845,0.7954122052250254,0.7827908606140253
S2764914602,0.09205922810007174,1.0,True,3312,3312,3312,3312,0.39722661135000387,0.38023573334431143,1.2747742639829593,1.3686517434637728,0.5536274285200784,0.5943978998335815
S2764947195,0.06140222277723196,1.0,False,3320,3312,3312|3320,3312|3320,0.2968906635441179,0.3603505088945763,1.6638391235235137,1.3970957473609342,0.6001031130861032,0.5622326888940183
S2764963587,0.05273695685479197,1.0,True,3312,3312,3304|3312,3304|3312,0.20439772,0.19476369787950465,2.2012737977756975,2.252144565950706,0.7476038095375541,0.728603569809863
S2765002437,0.05937904869163728,0.5,True,3312,3312,2002|2306|3312,1110|2306|3312,0.18076342823738029,0.1474877861730159,2.570960026864225,2.6859436293800485,0.717440055715702,0.738386257105751
S2765008847,0.09868772542367762,0.6666666666666666,True,3320,3320,2000|2002|2739|3312|3320|3322,2002|3312|3320|3322,0.07713832575448938,0.12341135568974215,3.0662423665069873,2.75320998785688,0.8256854347862952,0.7682978756749775
S2765022498,0.019788673143820698,1.0,True,3312,3312,3203|3312,3203|3312,0.2921887448270779,0.3055074669845187,1.630801905111053,1.5265465470026556,0.6358027695038061,0.6143275229807497
S2765035044,0.01884962624061747,1.0,True,3312,3312,3312|3320,3312|3320,0.26993236214756455,0.26288003391206494,1.6950400874213771,1.7780834511793842,0.6821343117923522,0.6737570386311412
S2765079493,0.06922970058515619,0.6666666666666666,True,3312,3312,2215|3312|3316|3320|3322,2215|3308|3312|3316|3320,0.09343636300391316,0.10730718735717815,2.866665622557591,2.8691833072652164,0.8513257424635322,0.8278713057585846
S2893729,0.016191367868680185,0.3333333333333333,True,2604,2604,1703|2604,2604|2610,0.21494946630970718,0.24011321949399972,1.9023797810933318,1.74854202069718,0.7024905891032004,0.7036650736341974
S2898370247,0.003102983503926595,1.0,True,3106,3106,3106,3106,0.47461102497411684,0.43200173639946193,1.583628283446873,1.696472990504832,0.43856668076046185,0.4734098018289599
S2898412997,0.029387339213013737,0.6666666666666666,True,3109,3109,2611|3109,2212|2611|3109,0.20527757625686285,0.13681048653458824,2.3615672104007746,2.6433583559684917,0.6696896684033256,0.737643194124525
S2898435970,0.006662993914531052,0.6666666666666666,True,2604,2604,2604|2610,1703|2604|2610,0.17569200977623012,0.14549651013600842,2.303710487990413,2.452203214076982,0.7347200566618645,0.7820786916522229
S2912271296,0.08179421392376818,0.6666666666666666,True,2604,2604,1703|2604|2608,1703|2604,0.13957743253817995,0.17865894927393242,2.4139663531551174,2.120356039430944,0.7698838482595575,0.7829825453634253
S30572693,0.039150329420208976,1.0,True,3312,3312,3312|3314|3320,3312|3314|3320,0.10824108185787165,0.10723871381285603,2.7040429694992594,2.7267943851497525,0.7950267703010524,0.7940607296347155
S30803906,0.047449848758367434,1.0,True,3312,3312,3312,3312,0.3778971505434334,0.32350292704965106,1.774637622598025,1.9685369016072485,0.5659833826458333,0.5972798356351242
S30933843,0.057822329281741504,1.0,True,3312,3312,3312|3320,3312|3320,0.2849304988101683,0.24468929449463037,1.7105518923727985,1.9492656048954047,0.6169511830773671,0.6216773084742475
S31156748,0.018962409385190913,1.0,True,1311,1311,1311|1312,1311|1312,0.14350725962583558,0.14591809363311384,2.6904987224234596,2.7000545714375517,0.7067867796668768,0.690193939987336
S31204768,0.04288711083868442,0.6666666666666666,True,3312,3312,3312|3320,3308|3312|3320,0.14930852167523817,0.14300506016564402,2.3952680002122526,2.4189961153454034,0.7639204014613231,0.7714879852293319
S32869912,0.032159721785106454,1.0,True,3312,3312,3312|3320,3312|3320,0.19675375832899786,0.23681965783512277,2.381722486997656,2.167757025764393,0.6456493134633325,0.6003340641374413
S33125897,0.03543079806019876,1.0,True,3312,3312,3312,3312,0.3063748178178802,0.28104192986414495,2.037483608009796,2.1365568997264246,0.6114521488066371,0.6411842049916938
S34091647,0.039646768146397865,0.5,True,3312,3312,3312|3318|3600,3207|3312|3318,0.17498493995437306,0.16208500959177385,2.537786042096994,2.6222788118532865,0.678975485067764,0.7208843163320511
S35093870,0.014956931113617006,0.3333333333333333,True,2604,2604,2604|2613,2604|2612,0.22593562521266003,0.2284655887913718,2.06759412244251,2.0135797935128696,0.6505849909459028,0.6721494478290133
S37268045,0.017689401308202433,1.0,True,2604,2604,2604,2604,0.37302535493701083,0.333291370120297,1.5147842440759731,1.6825468587806722,0.49005611114470776,0.516420197850374
S37308595,0.008012519407794658,1.0,True,3106,3106,3106,3106,0.6742539540482704,0.62208566,0.7341579093671254,0.8206988843072153,0.37728253266140743,0.4580407685306095
S38600022,0.028677346351116417,1.0,True,3312,3312,3312|3320,3312|3320,0.196510276250089,0.22237716268950236,2.0898986315568395,1.9273831939991923,0.6665292574738602,0.6330658529948019
S38696330,0.03894721516646463,1.0,True,3312,3312,3312|3320,3312|3320,0.22311944029818134,0.207646121650833,2.475491521024585,2.5237249056424687,0.6666065654736344,0.6795949722559725
S38863834,0.022837381334860418,1.0,True,3312,3312,3312,3312,0.7239306400000001,0.6451155066501751,0.7024199860365818,0.9465084947094002,0.3377926101587572,0.38090303906995926
S39159251,0.02251865036776547,1.0,True,3312,3312,1208|1211|3312|3316|3322,1208|1211|3312|3316|3322,0.10609942992069862,0.1062214004165035,2.8307597410433107,2.889334760951359,0.7839446394311371,0.7780473110666096
S39250910,0.02164164577194105,1.0,True,3312,3312,3312|3318,3312|3318,0.17184202993829417,0.18601266010988649,2.299920857312975,2.1755894207343216,0.7677324431213144,0.7527022829471194
S39330975,0.0497589246517323,1.0,True,3320,3320,3312|3320,3312|3320,0.24704431866582363,0.22321895408699072,1.9292406147095142,2.1341289198358657,0.633675939058648,0.6475226191711221
S39427579,0.047822314116489295,0.75,True,3312,3312,1208|3312|3316|3320,1208|3312|3320,0.1511535334732414,0.18774243470659166,2.6559855001644537,2.5361507313954954,0.7808971965239139,0.7317784166262398
S40135354,0.02141320463578527,1.0,True,3312,3312,3203|3312,3203|3312,0.19829969961786215,0.19109261862424715,2.018122294893657,2.092477504505051,0.5933564178822831,0.5984478705452704
S402139,0.017915531270335874,1.0,True,2002,2002,2002|3312,2002|3312,0.2850930057502199,0.26502570220930116,1.5568906906452935,1.6665740324385065,0.7085714890977473,0.6950153542333798
S40975480,0.031515013584497674,1.0,True,3320,3320,3312|3320,3312|3320,0.21932196244214466,0.22663413104337363,2.095837770809975,2.0990700146547225,0.6511086120868893,0.6299343297342682
S4138479,0.06112372034031893,0.5,True,3312,3312,3203|3312|3600,3203|3312|3318,0.14952035226764432,0.15094991399640484,2.4433682568696367,2.3780746202720233,0.8025456559606418,0.7938208101122439
S41645954,0.05623563960004617,1.0,True,1311,1311,1311|1312|2738,1311|1312|2738,0.14978040617125227,0.16339999999999996,2.447768247819812,2.4139656563927137,0.7604419620381093,0.7409128698987609
S41683674,0.07223974394144705,1.0,True,3316,3316,3316,3316,0.374461738882937,0.4476618717059026,1.394524433702713,1.1407485609627617,0.5436849775010129,0.5191770439532108
S41746314,0.032001484295869666,1.0,True,3312,3312,3312,3312,0.5016467767857187,0.46685564017656817,1.4297029145551485,1.5674010647533416,0.41252506095464203,0.44827618336279346
S4210167948,0.046620248113787524,0.5,True,3312,3312,3304|3312|3317,3304|3312|3320,0.17104757412844565,0.15405395542000982,2.4307270166435373,2.4296802374226534,0.7460573952543547,0.774895461480754
S4210168251,0.047734724314024965,1.0,True,3312,3312,3312|3320,3312|3320,0.230045736846912,0.21340384278116023,1.8664578574961073,2.0488683977590134,0.6587777307387528,0.644692792234641
S4210168416,0.0021591155792684037,1.0,True,3312,3312,3312|3320,3312|3320,0.2231360392918345,0.22346001607392396,2.130113777626481,2.123296704248656,0.5663388578391793,0.5645263849134817
S4210168911,0.01840497419540129,1.0,True,3312,3312,1211|3312|3320,1211|3312|3320,0.1265231961389768,0.11931752489762057,2.7445984798793,2.7469423871932745,0.7343074054629354,0.7665488684083087
S4210169264,0.09514802032883603,1.0,True,3312,3312,3312|3320,3312|3320,0.19159316945017826,0.18446691999999998,2.0517954925921513,2.051192130241995,0.7576652352150064,0.7772442482486854
S4210169680,0.023818468839190143,1.0,True,3320,3320,3312|3320,3312|3320,0.18382606909711205,0.2020316845925696,2.2962440398537085,2.186100979880507,0.6458563269025653,0.6366072002322055
S4210169681,0.033783512874201144,1.0,True,3312,3312,3304|3312,3304|3312,0.1903738019058102,0.19599388971613085,1.9782468227742755,2.0611162538076453,0.7712615522093952,0.7274836037786038
S4210170263,0.026532972918037176,1.0,True,3312,3312,3312|3320|3600,3312|3320|3600,0.14929533216105106,0.15664744743326983,2.3380611270247753,2.3547421280201695,0.7563989049987161,0.7617954665947145
S4210171126,0.15567503830306323,0.8,True,2002,2002,1202|1212|2002|3320,1202|1212|2000|2002|3320,0.10400000000000002,0.08002135561144486,2.366169282445685,2.672971473603896,0.9522165682350902,0.94344165052431
S4210171491,0.04120442881526609,0.75,True,3106,3106,2202|2306|2505|3106,2306|2505|3106,0.10758373217772714,0.14280147597098702,2.7902352491695983,2.5428010549695683,0.7847994629253563,0.7630987375489359
S4210171603,0.06537693691688182,1.0,True,1311,1311,1311|1312,1311|1312,0.1457871463911695,0.1489521053311119,2.7867630448771754,2.6499735164530933,0.7198704063738637,0.7183681520136888
S4210171745,0.0368836309352124,1.0,True,3318,3318,3312|3318,3312|3318,0.21006347819941662,0.21630660000000002,2.068799260093888,2.0112814507542884,0.6795151957036837,0.6606229685921604
S4210172117,0.03378529912522206,0.3333333333333333,True,3312,3312,1211|3312,3312|3316,0.2298272056389348,0.21012138391942706,2.4201333895388113,2.495574367888587,0.6753510811865499,0.6720145248462459
S4210172608,0.025109410283313986,1.0,True,3320,3320,3312|3320,3312|3320,0.2526629249034635,0.2831239215217555,2.006206239456259,1.9337562338833676,0.5788687585328082,0.5579641057823306
S4210173186,0.004886837324744645,1.0,True,3106,3106,3106,3106,0.6121722865984691,0.6054666452786173,1.0129156108518762,1.0388672065968925,0.32769385284610913,0.3412250124107206
S4210173644,0.029284237001855055,1.0,True,3320,3320,3312|3320,3312|3320,0.2776284879206836,0.295258243814455,1.8067757778766915,1.6918347987863227,0.5934512932109408,0.5853346698965016
S4210173758,0.053537404337544545,1.0,True,3312,3312,3207|3312,3207|3312,0.250022758202921,0.24700157074823648,2.262611378306988,2.239148564913241,0.6471061018835663,0.6297972874068517
S4210174943,0.022381612885666667,0.3333333333333333,False,3320,3312,3312|3320,3308|3312,0.2004829587971628,0.18722064076748135,1.8657698860558896,1.95148752363861,0.7780864774292312,0.7853363520939916
S4210175172,0.014261104417612821,0.3333333333333333,True,2604,2604,2604|2610,2602|2604,0.23627500000000007,0.23166768000000004,1.8977225275971588,1.9346148018046982,0.7636997260074389,0.7542506818611561
S4210175336,0.013228555510183364,1.0,True,3312,3312,3312|3316,3312|3316,0.2840236686390532,0.3054388758703912,1.5625094770459425,1.480753909807709,0.6785892438025884,0.6739201468440174
S4210177237,0.04138349064234927,1.0,True,3312,3312,3312|3320,3312|3320,0.18457886913955876,0.19227005188060634,2.537082314173897,2.5516737708593755,0.6925179809255254,0.6965008418938659
S4210177496,0.016369295025770374,1.0,True,2604,2604,2604|2610,2604|2610,0.20051004,0.22259474681456148,2.0613030139338098,1.9531751359144431,0.7131618997807344,0.7044590206428486
S4210179093,0.07555134172576519,0.6666666666666666,True,3312,3312,1204|3312|3320,3312|3320,0.1876235018958182,0.18169877999999998,2.3379680612351783,2.4289421199241676,0.7679260406382228,0.7642860220710099
S4210179255,0.02359996697546078,1.0,True,3312,3312,3312|3320,3312|3320,0.22528062135193294,0.22236207408133324,2.1760920623099618,2.1825881835711507,0.6760410095655255,0.6867687899837092
S4210179265,0.0385705235834603,1.0,True,3312,3312,3312|3320,3312|3320,0.203125,0.263544536271809,1.890362775338868,1.6383642137886274,0.7883425088589434,0.7456516874460233
S4210180838,0.03470477192707748,0.5,True,3312,3312,2002|3312,2002|3304|3312|3320,0.21647216652628684,0.1656648527205343,2.2935592747068836,2.5877277780219234,0.7216867294081598,0.78515044379582
S4210183302,0.013035008625910862,1.0,True,2604,2604,2604|2610,2604|2610,0.2578729420096726,0.23468596045453627,1.7666187756492093,1.835768575570682,0.688753861946649,0.7157133805509105
S4210184980,0.025776364123747557,1.0,True,3312,3312,3312|3320,3312|3320,0.16781450000000003,0.193219684130977,2.226310698558433,2.0877036277070062,0.731251204120927,0.7222958852969826
S4210185189,0.026137607336851155,1.0,True,3312,3312,1211|3312|3320,1211|3312|3320,0.1495230765229371,0.14679678468030605,2.375072551261103,2.438350897227541,0.7473355323880938,0.7672465689357378
S4210185488,0.06476425246705893,0.6666666666666666,True,3312,3312,3203|3312,3203|3312|3320,0.17243982903402047,0.16037054536703144,2.1410664518663043,2.108814062950336,0.7557025157876079,0.7787204469444555
S4210185507,0.00778850642649586,1.0,True,3308,3308,3308|3312,3308|3312,0.20036725231833838,0.2040780097553227,2.1502817338686038,2.123186373458756,0.6956493695298146,0.6973791183639274
S4210186268,0.018440357389485424,1.0,True,1311,1311,1105|1311,1105|1311,0.1994757417242806,0.1935638778085683,2.199784186753199,2.202746842454415,0.6601588167940918,0.6541589909738531
S4210187339,0.011619034658588748,1.0,True,2604,2604,2604|2610,2604|2610,0.21552823999999993,0.19657129214932625,1.992928045060721,2.086660268557409,0.6652557248369889,0.6565843059772695
S4210188249,0.07825443887396183,1.0,True,3320,3320,3312|3320,3312|3320,0.1483315710101405,0.150983479147289,2.4322739966634894,2.4232627127217787,0.7989016492459324,0.7839629346044676
S4210188545,0.05210851528794322,1.0,True,2604,2604,1703|2206|2604,1703|2206|2604,0.1843035540494776,0.16165683080140622,2.356788546670096,2.499471237907268,0.7072760808868177,0.7348797959751996
S4210188924,0.05382756188909384,1.0,True,3320,3320,3312|3320,3312|3320,0.1907416956920554,0.19243211449857853,2.1269996196694314,2.079804568828375,0.6881172458044101,0.6942558209185349
S4210190117,0.05799908373090219,0.6666666666666666,True,3312,3312,3203|3312,2002|3203|3312,0.22422996779998294,0.15691335820232702,2.1222412935054806,2.4392524241925795,0.7084215476264029,0.7675302415898728
S4210190796,0.0940297044888205,0.4444444444444444,True,3312,3312,1405|2308|3304|3312|3320|3600,2308|3203|3304|3312|3315|3316|3320,0.07800000000000001,0.07640000000000001,3.068944353076601,3.170108460667189,0.8631909731479153,0.8653077979501823
S4210192241,0.05676486750242088,1.0,True,3312,3312,3312|3320,3312|3320,0.2605496951674087,0.2436445548048729,1.8098040123874157,1.9049298499670742,0.6683051930317995,0.7034322514374897
S4210192296,0.1546631185143975,1.0,True,3312,3312,3312,3312,0.35049916632827394,0.3951950220412142,1.5151802762671638,1.3324666788873865,0.6895882614348304,0.6407810232602065
S4210192569,0.011642819452227851,1.0,True,3312,3312,3312,3312,0.3529344589112456,0.37987018601554007,1.6691757785620958,1.5805760246114828,0.5571845632860466,0.5368004009575156
S4210193457,0.020880257008448852,1.0,True,3320,3320,3312|3320,3312|3320,0.2710983476194927,0.24744623827788212,1.8210197262281427,1.8939163156623315,0.6724468126502844,0.699365290529505
S4210194695,0.041747457896047606,1.0,True,3312,3312,3312|3316,3312|3316,0.20568670237101871,0.19167128717739013,2.1764700850690244,2.258009387819446,0.7148806190755175,0.7305009303143646
S4210194812,0.013794702593222699,1.0,True,3106,3106,3106,3106,0.410244585814927,0.34339963118242717,1.4508281601637778,1.582726169043087,0.45651465884859965,0.45667823903272975
S4210196886,0.03314675540016776,1.0,True,2604,2604,2604|2608,2604|2608,0.16375735639226263,0.1906567550757601,2.18142173507145,2.004024964609839,0.7867815798187449,0.759371515776052
S4210197438,0.017242554310486137,1.0,True,3312,3312,2308|3304|3312,2308|3304|3312,0.1557850849283853,0.17189865551457637,2.4306317092845187,2.3192342882118995,0.755118197013407,0.7297655773055237
S4210197950,0.023395226087962892,1.0,True,3312,3312,3312|3320,3312|3320,0.17286048629857986,0.16232088853124665,2.4594542805262467,2.4780030778026205,0.6974483361408301,0.7150005503306858
S4210198502,0.10053729066866052,0.6,True,3312,3312,2002|3312|3318|3320,2002|3304|3312|3318,0.10720000000000003,0.12469752825867642,2.4324441210724332,2.3018053694013623,0.9217094656397833,0.926314624172196
S4210199360,0.02494700700458238,1.0,True,1311,1311,1102|1103|1311,1102|1103|1311,0.1343468733754753,0.1334963279306229,2.5144348077582905,2.5450064767518135,0.746722276482726,0.7411228770531727
S4210200560,0.0272427817433107,0.5,True,3312,3312,3312,2309|3312,0.2826252545762985,0.21097146014519969,1.9304944537583426,2.1642374001173614,0.712872476652245,0.7805836411139352
S4210200925,0.06602557692860689,0.6666666666666666,True,2604,2604,2604|2608|2610,2604|2610,0.19299301507424976,0.2240994708243509,2.1729083278637793,2.003964101043697,0.802388495966352,0.7812879795127681
S4210201644,0.017063253542245742,1.0,True,3312,3312,3312,3312,0.3669903055888024,0.365693803136016,1.8209644487395718,1.869231025118947,0.6078528661639273,0.6047251221309138
S4210201713,0.014630524697039978,0.5,True,3312,3312,3312|3320|3322,1211|3312|3320,0.19698410385395113,0.18492659526931385,2.358500822976087,2.3880601177462104,0.653158249518054,0.6716811058846934
S4210202564,0.022121353542595423,1.0,True,3312,3312,3304|3312,3304|3312,0.20025102890833454,0.1892558495170291,2.2922265354365745,2.340442716156168,0.6807321516048033,0.6950511135119273
S4210202763,0.04626243092728855,1.0,True,3312,3312,3312,3312,0.46308242888339884,0.5734548552364989,1.1284279742491576,0.8262988290684723,0.629787643726152,0.5960486114947211
S4210204547,0.04069849977640015,0.7142857142857143,True,3312,3312,1710|3203|3207|3312|3317|3320,1710|2743|3203|3312|3317|3320,0.08738391248293763,0.09587903366640649,3.2129480685999052,3.1614550368505094,0.817164434215686,0.8081381506355708
S4210205114,0.034060340857481775,1.0,True,3312,3312,3312,3312,0.2974080000000001,0.31435479999999993,2.0066867103605435,1.9743130801427298,0.6399905635819827,0.6296656744294699
S4210205999,0.02724705225651631,0.5,True,3312,3312,3312,2002|3312,0.4088229344732933,0.3564463757106784,1.1378981836901876,1.2221551203602603,0.6350730682508569,0.7593676717307368
S4210207055,0.036036323000755384,1.0,True,3312,3312,1202|3312|3320,1202|3312|3320,0.1476943963336907,0.1409270031900919,2.2272529306904714,2.324312966749075,0.7861225612829383,0.7893907746755476
S4210209003,0.0382306652478948,1.0,True,3312,3312,3312|3320,3312|3320,0.2290157971582314,0.268793448622341,1.896575488918228,1.817902091511424,0.6694079331854921,0.597105828154376
S4210209665,0.0693407227231484,0.6666666666666666,True,3312,3312,2003|3312,2003|3312|3320,0.2172191047267945,0.19043198146237633,2.3504947193503076,2.464476068499909,0.7053872930586488,0.7318858196399717
S4210209940,0.03233914346230683,0.6666666666666666,True,3312,3312,3312|3320,1202|3312|3320,0.1690381484978732,0.1489753618093031,2.2697664252824734,2.3706604362529866,0.7455246173123026,0.7786641369034139
S4210210030,0.043274968892907315,1.0,True,2202,2202,2202,2202,0.6185103417465473,0.7897575534538922,1.0738318562120184,0.5850948944377531,0.3715203254662425,0.24400352303749312
S4210210325,0.044584905683642484,0.6666666666666666,True,1311,1311,1311|1312,1311|1312|2737,0.19037831985786594,0.1344199225547686,2.226304857525118,2.43677589277181,0.7857879330533549,0.8430666007287185
S4210210660,0.05968723839249755,0.6,True,3312,3312,3304|3312|3322|3600,3304|3306|3312|3322,0.11250224000000002,0.13428937887687406,2.625330138444614,2.5363775081632745,0.8623126260838908,0.8205573189095425
S4210211099,0.03322874348698282,1.0,True,3312,3312,3312|3317,3312|3317,0.22757732647471102,0.18944481782097455,2.115525418151317,2.291754257492921,0.6282564778871285,0.6673741400374614
S4210211929,0.020514070311458993,1.0,True,3312,3312,1203|3304|3312|3320,1203|3304|3312|3320,0.08928573340432656,0.0932892336867732,2.970557045362411,2.9221322557646543,0.7947618031383749,0.781805925668392
S4210212767,0.029721476642160363,1.0,True,3312,3312,3312,3312,0.4561927674902144,0.5043115672703383,1.1565180947582432,1.066521190864614,0.5561676400020232,0.5480834720875376
S4210214887,0.013202560921879734,1.0,True,3312,3312,3312,3312,0.4980282287873559,0.47545311586864264,1.240944322229564,1.233298982219815,0.49939273265473977,0.5143256238962185
S4210215881,0.028836535869734482,0.3333333333333333,True,3312,3312,3207|3312,3312|3320,0.21815925967034147,0.19842638151034064,1.7843953602479994,1.8909830462245254,0.695684441120494,0.7372399149806146
S4210218169,0.03688960966861238,0.6666666666666666,True,3312,3312,3312|3320,3308|3312|3320,0.18554455039837736,0.1425036546450932,2.286302609120821,2.453398715503366,0.7194033616700909,0.7621911651729598
S4210219323,0.04812214717634815,0.3333333333333333,True,3312,3312,3312|3322,3312|3600,0.2090269550145652,0.20573273184494711,2.34265811855117,2.354993653984521,0.6887745272243858,0.7145358674379935
S4210220353,0.028929303277241584,1.0,True,3312,3312,3312,3312,0.3693271560893494,0.38769204453198597,1.4061715643902777,1.4670715685399354,0.6106925510239607,0.6118163646187293
S4210221072,0.049766956622758506,1.0,True,3312,3312,3312,3312,0.31302696244486633,0.43717892821953996,2.0035835105546433,1.553365628911306,0.6149552314282692,0.5185261856088591
S4210221332,0.04139211922096349,1.0,True,2604,2604,2604|2613,2604|2613,0.1780910486009662,0.22315932734268984,2.2089148771343887,2.1093675422553146,0.7501988979101629,0.7163903063300937
S4210222233,0.047508039010522515,1.0,True,3312,3312,3312|3320,3312|3320,0.26704634014282086,0.22871217812990915,1.7957667604958738,1.9329626992940734,0.6631216658262001,0.6971689251237261
S4210222309,0.051313367019010334,1.0,True,3312,3312,3312,3312,0.32909083467772415,0.34111011039975564,1.7047122557134844,1.650944679184344,0.6459549918008072,0.6436558579145752
S4210222994,0.01076887279385183,1.0,True,2604,2604,2604,2604,0.45083457999999993,0.38612435999999994,1.2453259714502298,1.4314617444842748,0.5011560380171524,0.5580857728516538
S4210223199,0.09808150756502995,0.3333333333333333,True,3312,3312,2202|3312,3312|3320,0.194992964719204,0.2361266798829796,2.441460000417435,2.264606128309948,0.6618432591215888,0.6534272061759036
S4210224819,0.045027981514918755,1.0,True,3312,3312,3311|3312|3320,3311|3312|3320,0.17755531928830448,0.17358390661929143,2.110478415615515,2.2405631959163363,0.8228148479719694,0.8081123528867064
S4210225206,0.02135510747862745,1.0,True,3320,3320,3312|3320,3312|3320,0.16229368,0.16878796843585564,2.164133226319751,2.11746089652743,0.7805460683586344,0.7819134577584999
S4210225662,0.018194546355093516,1.0,True,3106,3106,2208|3106|3108,2208|3106|3108,0.14501632766827957,0.13831992649660432,2.4009397107315973,2.439612526968975,0.7059101373170719,0.697728371548486
S4210225667,0.028463931569978583,1.0,True,3320,3320,3312|3320,3312|3320,0.18145140000000007,0.22001778,1.9714675166999334,1.8242303338954413,0.8221658131045935,0.7922531677313167
S4210226373,0.023297326205135777,1.0,True,3312,3312,3312,3312,0.8036200856228184,0.7422326273446551,0.5996844226343258,0.7654313369366892,0.22144509078533578,0.2599582950614857
S4210228527,0.03885374381974313,1.0,True,3312,3312,3306|3312,3306|3312,0.20008680555555552,0.19926819442796936,2.129560053802592,2.117435261191785,0.710864609832502,0.695490115282291
S4210228947,0.04859867152483319,0.6666666666666666,True,3312,3312,1410|3312|3600,1410|3312,0.14891576535777085,0.17255682037765957,2.4251094677325744,2.3843349034860095,0.7845603883886397,0.760433519976835
S4210229399,0.0774005558151892,0.6666666666666666,True,3312,3312,3312|3320,2002|3312|3320,0.17888019462117433,0.1489377589389141,2.3325204594013065,2.529957800464769,0.7439083917142881,0.7859755821951784
S4210229511,0.02042782913034391,1.0,False,3312,3320,3312|3320,3312|3320,0.18752196508459332,0.17926877260224916,2.2130960201457315,2.26180932572734,0.6963683242279861,0.7116963545830526
S4210229695,0.03362301466233791,0.5,True,3106,3106,3106,1705|3106,0.35562500000000014,0.299690988805329,1.3485725850269008,1.659110324675224,0.6137618334225206,0.6468394082903851
S4210229905,0.04385802883623338,1.0,True,3312,3312,3312,3312,0.4571132280744826,0.39672571441673804,1.4197257889220887,1.6511416465706963,0.5120578387750172,0.5712558054374723
S4210230173,0.04216849649681519,1.0,True,3312,3312,3304|3312,3304|3312,0.29844223856786406,0.26444781691890573,1.776101890929125,1.9069561622654292,0.5833761869914895,0.6169297869699538
S4210233660,0.03524128736508102,1.0,True,2202,2202,2202,2202,0.47951393065819514,0.5157614866894524,1.4780473565296721,1.420239375802606,0.422721052520693,0.40618798925375105
S4210233858,0.05647450488113587,0.75,True,3312,3312,3312|3314|3317|3320,3312|3317|3320,0.1132046247960904,0.12167713671743324,2.784578819965697,2.7092489001851052,0.7896466627639537,0.7889513672754933
S4210235043,0.009965577949182135,1.0,True,3109,3109,1705|2206|3107|3109,1705|2206|3107|3109,0.15046534775884202,0.1336942720038997,2.814567677414323,2.900375450091766,0.6819665692527654,0.6948026770319942
S4210235286,0.003020189641383432,0.6666666666666666,True,3109,3109,2206|2505|3104|3107|3109,1312|2505|3104|3107|3109,0.08115841200919098,0.07906547010055141,3.115635388075946,3.1426643089196653,0.6694589454270901,0.6698851562093909
S4210235510,0.058717052493898164,1.0,False,3312,3320,2202|3312|3320,2202|3312|3320,0.13800692,0.14336046065852714,2.525359307793613,2.462688833365179,0.7578644408175392,0.731355056907807
S4210236488,0.004114506699989243,1.0,True,2604,2604,2604|2608,2604|2608,0.1650660600538077,0.1625930395534709,2.2446433015661436,2.2488303046178406,0.647667151946821,0.6431647193906402
S4210238233,0.05836107256574319,1.0,True,3320,3320,3308|3320,3308|3320,0.23548722113883339,0.2304663690794745,1.7232654675983914,1.8027718206324965,0.7186575190113792,0.7254887505678734
S4210238307,0.0027726049704765356,1.0,True,3106,3106,3106,3106,0.4101429804194308,0.38705916787846584,1.2176435076077974,1.3372960779065732,0.28660583059060674,0.2986811431255754
S4210238526,0.01643004744841991,1.0,True,3312,3312,3312|3320,3312|3320,0.2287078940092879,0.21814634256129242,2.064033330649,2.1967766087157505,0.641228007213827,0.6458833058498334
S4210240122,0.04577772287993016,1.0,True,3312,3312,3312,3312,0.37807754,0.3548067200000002,1.4984223869217608,1.640007833276686,0.6030095283658236,0.6214369861816449
S4210240526,0.015993779038358424,1.0,True,3312,3312,3312|3600,3312|3600,0.1745703358001062,0.19836259289930164,2.4104052732486703,2.2849631319525963,0.667532558635088,0.6426833863898476
S4210241156,0.03280156832715186,1.0,True,3312,3312,3312,3312,0.32188238007673536,0.30613470000000004,1.5067091173199092,1.468000760882569,0.7742953178240916,0.8193068244338783
S42865813,0.03555228252741803,1.0,True,3312,3312,3312|3320,3312|3320,0.18645467319190218,0.2000818935016984,2.444182000356887,2.3123216121635544,0.7186239803473041,0.6939314814269832
S4306502127,0.06927966965141877,0.6666666666666666,True,1103,1103,1103|1110,1103|1110|1311,0.24864798924978032,0.15919390345983112,2.1697270156485695,2.6081691309540904,0.724272671093706,0.7827158036038298
S4306508438,0.06418316010551167,0.5,True,3312,3312,2002|3312|3316,2002|3207|3312,0.15,0.1405960359617739,2.3654816347926317,2.456702146618598,0.8349112288896858,0.8343532211063451
S4306510746,0.028840217836324882,1.0,True,3312,3312,3312,3312,0.3234797690882297,0.36736979162791417,1.7143619138614619,1.4886449147598828,0.5931285168345635,0.5990747841118645
S43226970,0.04099603562724177,1.0,True,3312,3312,3312|3320,3312|3320,0.22897515448492706,0.2722375940728671,1.9484817240750127,1.75882915313704,0.784126729364762,0.7638497958179858
S43270013,0.05899363513868565,1.0,False,3320,3312,3312|3320,3312|3320,0.34245352000000007,0.2853850626096414,1.2445371257392415,1.5104055460762733,0.773274393578199,0.776194906434675
S4387284770,0.03083018950286865,0.5,True,3312,3312,1211|3312|3320,3304|3312|3320,0.14602102446230086,0.14439717203775967,2.2663634643255373,2.2831032087752643,0.7841079467144986,0.8058352589525158
S4393917777,0.06376798085362316,1.0,False,3320,3312,3312|3320,3312|3320,0.16726044912993013,0.17759999999999998,2.1991343688909613,2.0737143669524296,0.8120729696945375,0.8345240522936137
S4394735535,0.0417957177269804,1.0,True,1311,1311,1110|1311|1312,1110|1311|1312,0.12556069700415678,0.15539849691598567,2.547514207733187,2.4047136710531625,0.7418531450571124,0.7216584887602607
S44090634,0.010003897277190147,1.0,True,3312,3312,3312,3312,0.27449015122623605,0.270564388220274,2.115323130172915,2.1186669386678507,0.6103532379556368,0.622917961212961
S44404461,0.051865251805026075,0.3333333333333333,True,3312,3312,3306|3312,3207|3312,0.21878858345910296,0.2177077681844155,2.3772009097093116,2.405217362878716,0.6859151927268713,0.6878913660549719
S44433209,0.024553609140680117,1.0,True,3312,3312,1100|3312|3320,1100|3312|3320,0.126771020126335,0.11517570449100643,2.7525128831833583,2.8264282901925166,0.7318177173553014,0.7514697977380353
S44487342,0.03647207235164533,0.3333333333333333,True,3312,3312,1211|3312,3312|3320,0.21213526,0.19451581718823396,1.9856904618621773,2.082620454318281,0.7161864455172696,0.7350736430376484
S44811899,0.028279778695292284,0.6,True,2604,2604,1702|2206|2604|2610,1702|1703|2604|2610,0.12328214221182957,0.12695679264947834,2.60384990632836,2.61719710846618,0.7732762542395389,0.7551634578826185
S45468527,0.006246501055669331,1.0,False,3106,3103,3103|3106,3103|3106,0.229488474061093,0.21564197944769062,1.781723687742031,1.8583858473064638,0.5535235854632525,0.541174365728334
S45884062,0.05304775230346234,1.0,True,3312,3312,3312,3312,0.4215295413796271,0.5109250447905841,1.5892999236661016,1.2600708518176804,0.5397632400981278,0.49126539210300024
S46238352,0.04726364417928407,0.75,True,1311,1311,1311|3203|3205,1311|2805|3203|3205,0.13205792419774037,0.11647652005458159,2.722618726882727,2.7872886297519965,0.759761221760339,0.7904151065368985
S46285813,0.01392897524326429,1.0,True,3312,3312,3312|3317,3312|3317,0.20427582611950396,0.19115462557142657,2.110579787374787,2.1357732250871884,0.7168020129839079,0.7253582907300792
S46460922,0.02375445118095877,0.6666666666666666,False,3312,3308,3308|3312|3600,3308|3312,0.16141696000000003,0.18039005018606225,2.006421286288578,1.9001327206428644,0.8713776930083541,0.8647876690631546
S46482365,0.07360655150536166,0.5,True,3312,3312,3304|3312,3312,0.2074913801583067,0.2739285600000001,2.162420649726482,2.0382640101729077,0.7218337462316322,0.6594099048877187
S4671545,0.0254965268081317,1.0,True,3312,3312,2309|3312,2309|3312,0.2191553588802224,0.2413849043063263,2.1921119569226044,2.1714073134754455,0.6445118324333549,0.6384243752458392
S4723672,0.05538143913528025,1.0,True,3318,3318,3312|3318,3312|3318,0.2769769981216714,0.25796260921783454,1.8094082754527758,1.8831897112136715,0.6526060864847928,0.6646833409719765
S4789869,0.008859533390893026,1.0,True,3312,3312,3312|3318|3320,3312|3318|3320,0.15239443116182053,0.14763541256883175,2.907579604989417,2.9148971192307678,0.6635239461993376,0.6751372655993888
S48492747,0.03582409570766549,1.0,True,3312,3312,3312|3320,3312|3320,0.19682376029194884,0.1808542600044718,2.3497307313374742,2.4748173359827934,0.6978094144306034,0.7206833306630913
S48499399,0.07083060833047952,1.0,True,3312,3312,3312|3320,3312|3320,0.1909994583109379,0.16066733181338116,2.25061783092766,2.3440143335997363,0.7081748614312343,0.7583248593215023
S48783313,0.04195345874676111,1.0,True,3312,3312,3312|3315,3312|3315,0.20576414077051267,0.20848905780130397,1.9445492891496206,2.018548301644458,0.6863405797622267,0.65303156850899
S4954800,0.007659686698641326,1.0,True,1311,1311,1311|1312,1311|1312,0.16231600517580483,0.16339607071319928,2.556438976160469,2.574652811817159,0.688404299214055,0.6763543704586493
S50623261,0.032925570929660954,1.0,False,3204,3312,3204|3312,3204|3312,0.2373249686668991,0.19850413461539712,1.9331096352510082,2.045123320226553,0.6452878490899526,0.6945714734443299
S51267760,0.014572353473449455,1.0,True,3312,3312,3312,3312,0.5971839999999997,0.6530195429540137,0.9598695751163266,0.8454704156442324,0.37422554652941936,0.3402423248842622
S51499565,0.02333938112387797,1.0,True,3312,3312,3312|3320,3312|3320,0.14789539228691453,0.1444034796791865,2.7153708504252014,2.72253033306305,0.6941091212033967,0.7110956736662878
S51698217,0.048790427357424566,1.0,True,3312,3312,3312|3320,3312|3320,0.20867499282407578,0.20277352763380221,2.240596130768723,2.2459312403447242,0.6724065476554183,0.6814449050894785
S51811661,0.027122514816794438,1.0,True,2604,2604,2604|2608,2604|2608,0.22771749789045617,0.18193319354213788,1.9499257139486803,2.1805956643558666,0.6218878363871749,0.6692851604943724
S51920167,0.006730959771083964,0.3333333333333333,True,2604,2604,1703|2604,2604|2608,0.23466466474751443,0.21986523701117103,1.9905207032119456,2.028636056876307,0.6109458943229206,0.6302312258222545
S52621960,0.007996589579633204,1.0,True,2604,2604,2604|2608,2604|2608,0.23335315829812805,0.24676567439746375,1.8944335516419613,1.864307733246314,0.6995562899354315,0.7064294179308741
S53566929,0.01992238379972551,1.0,True,3312,3312,3312,3312,0.6591119353034748,0.6610933910099743,0.8591783069710307,0.9467376109108141,0.34575878616781497,0.3341568374640654
S5416984,0.03126221944866577,1.0,True,3312,3312,3312,3312,0.6018754811198787,0.5255465906552,0.9620667305809107,1.1995157209758678,0.46265630040444616,0.5209430585760201
S54847137,0.024999696086729174,1.0,True,3312,3312,3312,3312,0.43771596102894617,0.4046930494072697,1.3931267351741556,1.5000481925117515,0.5024642580413966,0.518981057856586
S55069968,0.034796493062140096,1.0,True,3312,3312,3312|3318,3312|3318,0.2291307187640737,0.24651159477744713,2.213419637509297,2.1289458923720384,0.6793597463055598,0.6459500208677021
S56771637,0.02626085255741448,1.0,True,3312,3312,3312,3312,0.49937500000000007,0.5456654919765896,1.1545244711942508,1.0405211765753233,0.5014036070619329,0.45189260529014197
S56850725,0.06150958338764434,1.0,True,2604,2604,2604|2610,2604|2610,0.2502628048675408,0.24256017305193078,1.9075237789811077,2.0286544270508426,0.7043901099782869,0.7018662639187472
S57027881,0.05442021785648339,0.5,True,3312,3312,1203|3207|3312,1203|3312|3318,0.17389872851530971,0.17716821392186843,2.723329790950605,2.647812589475099,0.7196599680261767,0.7084126902289407
S57090429,0.010020384123429319,1.0,True,3312,3312,3312|3320,3312|3320,0.22044382196430334,0.2208996385406992,2.0920450804351036,2.096888758784801,0.5837962953075451,0.5897843818718463
S57552105,0.008097865300277167,1.0,True,1312,1312,1311|1312,1311|1312,0.16918062234815812,0.1655567706694614,2.548389242508132,2.580795728611369,0.5920889176448255,0.5941324433243226
S57599369,0.09060204799481357,0.75,True,3312,3312,3312|3314|3320,3305|3312|3314|3320,0.1212824265360406,0.09709239838392339,2.6473039022979963,2.8519854779517497,0.7709125703323357,0.8087617411898586
S58059009,0.017548975710301704,1.0,True,3312,3312,3312|3317,3312|3317,0.2126275290010566,0.220412235333996,2.5735747456974662,2.4650923713428528,0.603745723332093,0.6123918009491124
S59071098,0.04200421188418965,1.0,True,3312,3312,3312|3320,3312|3320,0.245142576758283,0.23402103938814417,1.9413362219354715,1.9222344191524623,0.628052267553386,0.641657612771924
S59311786,0.012363911422059889,0.75,True,3312,3312,3304|3312|3318,3304|3312|3318|3600,0.15343507999999997,0.1406023738125809,2.5492823914408502,2.676592132950545,0.7113907963715574,0.725584060483608
S59604070,0.0198294031750036,0.5,True,3312,3312,3312,3312|3320,0.32011124904823307,0.2964197151513163,1.694741971267724,1.673021584660137,0.6112489593835829,0.6339466618953832
S603496,0.06797265757843643,1.0,True,3312,3312,3312|3320,3312|3320,0.18536015722325183,0.15577720965425854,2.427055559892125,2.617373902848174,0.7135885653028551,0.730392094418739
S60621485,0.0589317402983557,1.0,True,3312,3312,3312,3312,0.4465148084965513,0.4242383200000001,1.5283614823201788,1.588482853041623,0.5512398828072568,0.5729240836550754
S61246407,0.008676635180962986,1.0,True,2604,2604,2604|2610,2604|2610,0.1786024754110238,0.1654236050390597,2.2923122976603483,2.352748578838499,0.661421516800674,0.6788597414297718
S61274580,0.053890022027316936,0.25,True,3312,3312,3312|3318,2003|3312|3317,0.20840015115329444,0.18510092806963024,2.520254492533428,2.623973970929982,0.7088629436403584,0.7380357493974139
S61522235,0.03680441570979606,1.0,True,3316,3316,3312|3316,3312|3316,0.20814602351544853,0.20530115083239708,2.2252176252545626,2.2125608436738706,0.6608322338175737,0.6713198904035089
S62036463,0.02351735895062014,1.0,True,3312,3312,3312,3312,0.29281651037390977,0.30046016685847,1.8908652197250366,1.910209282481671,0.6210712052228963,0.6179822216308584
S62159105,0.016579507823225596,1.0,True,3106,3106,3106,3106,0.6953667989048897,0.6865619797338702,0.7851228942072832,0.8401434748421203,0.2899218389259285,0.2804467816629738
S63231389,0.04273363878953118,1.0,True,3312,3312,3206|3312,3206|3312,0.17608768168062647,0.18007354337970644,2.299125686867538,2.274230046711141,0.6975847957107347,0.7065292886233848
S63576417,0.01864380584064389,1.0,True,3312,3312,1406|1802|3312,1406|1802|3312,0.18024420914809577,0.18651225112081637,2.4689083442022097,2.4622654635551298,0.673909321769016,0.6674833087346203
S64961995,0.009069018079368206,1.0,True,2303,2303,1312|2303,1312|2303,0.19674990223384917,0.21263550071442264,2.0867949647921877,1.978471495380457,0.5696082573079596,0.5610519632265366
S65076878,0.007296592964136214,1.0,True,3312,3312,3312|3320,3312|3320,0.23971801605796378,0.24708421723208124,2.017809866506926,2.0047209499293976,0.6627672837963272,0.6584681147656284
S65932378,0.01554626552623152,1.0,True,1312,1312,1311|1312,1311|1312,0.19121887103905078,0.18762576113733256,2.2343506968490776,2.2899811955413845,0.5601302664455455,0.5616088698250917
S66163274,0.021802176162669544,1.0,True,3320,3320,3320,3320,0.3522084893073834,0.33875403741994353,1.48451840145581,1.5729700252551444,0.535426833972177,0.5673290137256461
S66666449,0.05244360076725901,0.6666666666666666,True,3312,3312,3312|3600,3207|3312|3600,0.23114919871580156,0.18278844806768912,2.2251931773484497,2.4087447292060293,0.7001747912825085,0.7483186243460191
S67147532,0.032441023072661945,0.6666666666666666,True,3312,3312,3312|3320|3600,3312|3320,0.16458598781168512,0.19975628973523585,2.4641616680155516,2.2862796951020363,0.7655348643703733,0.7396468115855441
S68175919,0.011755126053826616,1.0,True,3106,3106,3103|3106,3103|3106,0.23948754912137288,0.21036418699935708,2.0425956456568297,2.240322330667782,0.5305239842622145,0.5541167257737234
S69859562,0.00787986940980652,1.0,True,2604,2604,2604|2608|2610,2604|2608|2610,0.14477921270966593,0.13856707999999998,2.341649910673236,2.4252232751130913,0.6884780998887157,0.6877411592443665
S70695507,0.008621988372710224,1.0,True,2604,2604,2604|2610,2604|2610,0.2591018277745366,0.26380144884891427,1.9300016905428943,1.9058626412930044,0.5620293774019048,0.5603504964365269
S70718007,0.008965363419312544,0.6666666666666666,True,3109,3109,1705|2611|2739|3107|3109,1705|2611|3107|3109|3312,0.08963010823277284,0.08778796383452937,3.0983699149953425,3.141463295648676,0.6541892086565009,0.6584931813639917
S70949411,0.0404691972661947,0.3333333333333333,True,3312,3312,3312|3322,3312|3600,0.21285242691876602,0.2031781994481621,2.371602653329985,2.4512972082170137,0.6782775703008359,0.6840475103706604
S71119591,0.012627574896327525,1.0,True,3312,3312,3312,3312,0.38805921365600693,0.350043051298256,1.6983244470257313,1.7788505251046418,0.4900328515089027,0.523007142924273
S71654957,0.0894717064320118,1.0,True,3320,3320,3312|3320,3312|3320,0.29952220636801247,0.2768638537067565,1.6437894125254195,1.6014810344983246,0.6615095229696695,0.7288654291496511
S71657983,0.018566215497910016,1.0,True,2604,2604,2604,2604,0.3995628188899312,0.3772798168355415,1.4603505789029607,1.4695241447025347,0.5392627427322358,0.5729252082219994
S71826845,0.01284735156251231,1.0,True,3312,3312,1211|3312|3320,1211|3312|3320,0.1716778419960879,0.1490276540323495,2.3176560958903876,2.4108741753525633,0.6749169283051744,0.7088310100292903
S74141806,0.005882666995206909,1.0,True,2604,2604,1703|2604|2610,1703|2604|2610,0.15125797015566309,0.13912060125969603,2.4781045942965827,2.570372657612049,0.6812497314106183,0.6921563959019068
S74899632,0.025966936758451464,1.0,True,3312,3312,3312,3312,0.3047827110249942,0.3023224389315299,1.8638201290101215,1.8390755434927883,0.622158443684614,0.6362764715191548
S75771055,0.016518337207682643,1.0,True,3106,3106,3106,3106,0.4316885799999999,0.4816625376909128,1.3328026489391085,1.201053454997924,0.505029820300802,0.5008781945661376
S75796200,0.04391184942159264,0.5,True,3312,3312,2002|3312,3312,0.30481666456098244,0.36797253053740475,1.6638766456306,1.477631510003327,0.5872754514308773,0.5112254179645255
S76279167,0.020297705472071187,1.0,True,2604,2604,2604,2604,0.39927347341842834,0.44012369187180106,1.6914102546585843,1.5762923335335004,0.5191406193524619,0.4897027469514277
S76733833,0.04850732174247853,1.0,True,3312,3312,3312,3312,0.7610727604529085,0.6163918200000004,0.6338723888614164,1.0323815621485795,0.28848775650866076,0.38122689222245115
S77333429,0.013515772781375515,1.0,True,2604,2604,2604,2604,0.5347564280151124,0.45257998990084,1.0827155719893524,1.2860340295751322,0.399813700480395,0.4539135862370183
S77333486,0.04103323880139305,1.0,True,3312,3312,1211|3305|3312|3315|3320,1211|3305|3312|3315|3320,0.11680018098093571,0.1109201383634686,2.9602282717399397,2.9814949308251903,0.7776440069732973,0.7926977664349574
S7748972,0.021374273164311446,1.0,True,2604,2604,2604|2610,2604|2610,0.2584430160187735,0.2159857256508313,1.7055224924023653,1.9312128881745416,0.6863527418818215,0.7131377724787059
S77852275,0.017673436084921362,1.0,True,2604,2604,2604,2604,0.40007543382345334,0.42583677309625156,1.5533452687882265,1.4618111963481717,0.5185193892328079,0.4964651013966691
S78376336,0.019775385916522274,1.0,True,3106,3106,3106,3106,0.6781744830797887,0.5928257866016095,0.865167072046342,1.166430048153127,0.29383087174428985,0.34294688524754063
S79135273,0.02249271039056986,1.0,True,3312,3312,3312|3318,3312|3318,0.24397151094913339,0.24469334398398943,2.2590960646751874,2.3231448361092184,0.6354078491344114,0.6297697891749717
S79386155,0.012783742016276328,1.0,True,3318,3318,3312|3318,3312|3318,0.27144622598540336,0.29873892920827366,1.8394981033749518,1.7666785059391015,0.5581277769991835,0.5360333589814215
S79562878,0.035386402175054794,0.6666666666666666,True,3312,3312,3203|3312,3203|3207|3312,0.21257586184170219,0.15918014376004305,2.1204332632342564,2.3940201479569705,0.7078180122947628,0.7532975448986853
S79712050,0.034280721802290144,1.0,True,3312,3312,3312|3320,3312|3320,0.296574898177733,0.24188645999999994,1.6546481590906907,1.9378606830862337,0.6110108883569545,0.6581425856666369
S79731123,0.011228661731779383,1.0,True,3312,3312,1208|3312|3320,1208|3312|3320,0.13655714037531538,0.14737187269554547,2.626232221085296,2.5428023481484514,0.6245955314245293,0.637456133808952
S80347152,0.025902414194699207,1.0,True,3312,3312,3312,3312,0.40430322511791805,0.36702015338054617,1.859434240485479,1.998119718230782,0.5111725630233163,0.5416603451225347
S80367638,0.04045430081252213,1.0,True,3312,3312,3312|3320,3312|3320,0.2635201693359422,0.2207538809305992,1.9503825768351262,2.1533105386578364,0.5986263924578242,0.6270584048319655
S80823180,0.020186031480321803,1.0,True,3312,3312,3312|3320,3312|3320,0.24682894198802627,0.27311393248121113,2.2026489784191416,2.114087804135584,0.6012315858656617,0.5770580676236206
S8095556,0.022557699367853908,1.0,True,1312,1312,1311|1312,1311|1312,0.16862979504733058,0.1649539904150295,2.3624565213452344,2.4135520748648704,0.743365797893544,0.7407859302814056
S81071032,0.01579329394554775,1.0,True,3312,3312,3312,3312,0.49854158016477046,0.44426755821892294,1.3429520128195178,1.4644707682920723,0.42257056818716193,0.47377892422699436
S81124448,0.029723602460443144,1.0,True,3312,3312,3312|3313,3312|3313,0.16105803238025201,0.15098391191568108,2.4760594262790754,2.5285214110937733,0.680687499224849,0.6901812103434969
S81556534,0.013974386614621198,1.0,True,2604,2604,2604,2604,0.48806724572651194,0.4375396668213373,1.1939144205122298,1.354057123284632,0.4213994060902391,0.45199537196234313
S81862269,0.0,1.0,True,3312,3312,3312,3312,0.549521500204744,0.549521500204744,0.9487387067621379,0.9487387067621379,0.5894845022802238,0.5894845022802238
S81929299,0.011675810887620021,1.0,True,2716,2716,2716,2716,0.7938545329680483,0.7642107202138498,0.5764659802904224,0.67176102908288,0.23198697638786694,0.24806077406152402
S83616544,0.05974653341479243,0.5,True,3312,3312,1407|3312|3320,3304|3312|3320,0.16124999999999998,0.15523172110229028,2.3771959617164304,2.4367874272124883,0.7935275066807759,0.788338388741636
S83938913,0.035862803944150354,0.5,True,3312,3312,1211|3312|3320,1208|3312|3320,0.11674594423346732,0.11792709805437812,2.871008283630364,2.861846397325122,0.7456878490464091,0.7474835329183521
S84394799,0.03989986917956605,1.0,True,3312,3312,2002|3312|3320|3600,2002|3312|3320|3600,0.11351049695100925,0.10701521504960526,2.739579685253551,2.871409578850913,0.7477913434724833,0.7587911433174587
S84445930,0.02627160980456074,1.0,True,3312,3312,3312|3314,3312|3314,0.18480273019478338,0.16882643184229715,2.535557428084236,2.6321133987822476,0.6700397372683581,0.6998067951236591
S84833568,0.042946253937310004,1.0,False,1311,1312,1311|1312,1311|1312,0.17169209141176253,0.1623883024036106,2.2556488486163,2.2878673590079814,0.669869522163534,0.6662422492488579
S84895730,0.05453879787530251,1.0,True,3312,3312,3312|3314|3320,3312|3314|3320,0.14580279305066796,0.12711363059580794,2.352121515267465,2.5805798093816423,0.7988352049100171,0.8017021934939992
S8523651,0.05575304275726202,0.5,False,3600,2002,2002|3312|3600,2002|3317|3600,0.1450550899990413,0.1072118009448947,2.411631319314457,2.659365666863305,0.7588390405112874,0.8162329249084304
S85534916,0.03920213501382709,1.0,True,3320,3320,3320,3320,0.35875,0.3233529,1.3617692562335928,1.5011927241772192,0.6548725842677522,0.6832222521364535
S85937267,0.026236796327052905,1.0,True,3312,3312,3312,3312,0.392395302425158,0.3475015254897431,1.513420660367471,1.6102330268746012,0.5139928764276565,0.5468726091007164
S87350844,0.01336404701610818,1.0,True,2604,2604,2604,2604,0.3930680554571494,0.36232939850848933,1.6090698296897734,1.6557809325728208,0.5205589550999443,0.5356707187162276
S87435064,0.02151825143483327,1.0,True,3320,3320,3312|3320,3312|3320,0.2792998351801705,0.2903271376108093,1.7288008012167477,1.7377141859884149,0.5678397307229172,0.546785636352221
S8759915,0.023875550304152126,0.5,True,3312,3312,3312,3312|3320,0.3350510470167649,0.2988413399999999,1.5645023373332676,1.6837032958146874,0.5928262034236871,0.6379942098719584
S88000251,0.03976443650841387,1.0,True,3312,3312,2306|3312,2306|3312,0.2762947068309442,0.27797795316099866,1.882201925673126,1.9056021285393314,0.6182256705851589,0.5996129172962117
S88457980,0.02137870476430609,1.0,True,3312,3312,3312|3320,3312|3320,0.23632147913879636,0.23508403926599603,2.0083598040084976,1.9824749889065723,0.682085727779985,0.6732946421826692
S88529193,0.012704270354884676,1.0,True,3312,3312,3312,3312,0.6833248005211301,0.5897731639181878,0.8855339433942391,1.1086947359054637,0.3193888571684292,0.3998770993376279
S88603889,0.009360527768494059,0.6666666666666666,True,3312,3312,3312|3315,3312|3315|3318,0.1539819734779847,0.1406034394093361,2.6228296456396594,2.698354510637804,0.633054394522192,0.6512833129585286
S8922989,0.031357174182344974,0.5,True,3203,3203,3203,3203|3312,0.34187613412228796,0.2608565325486711,1.7877137548401003,2.032385548490645,0.5256130574716747,0.5975500156058052
S89393028,0.016362993202313002,1.0,True,3312,3312,3312,3312,0.291908525548417,0.28305783999999984,1.9844676830246986,2.0330905198455875,0.6624315866085132,0.6677863479192666
S89717723,0.014153536040548337,1.0,True,3312,3312,3312|3317|3320,3312|3317|3320,0.17458665316500693,0.16760904033939003,2.3628424828866637,2.385785974762327,0.7760962618010812,0.7718386307409816
S90873577,0.03576354192458754,1.0,True,3312,3312,2002|3312,2002|3312,0.23325325842825717,0.22582496465454593,2.104607449771588,2.1074457488731793,0.6538330660387506,0.6631246232359909
S90911399,0.029612595966989536,0.3333333333333333,True,3312,3312,3312|3318,3304|3312,0.22007584791809187,0.20368693057701534,2.2968055014839424,2.281326210419154,0.682091986403573,0.7002021529431158
S9300723,0.017167432265177886,1.0,True,3312,3312,3312,3312,0.4714175,0.5035424768490404,1.1989722070954294,1.1329056666617763,0.5000102467762136,0.4559147792366486
S93028289,0.017105495559042054,1.0,True,3312,3312,3312,3312,0.42562276535316296,0.45030233087131305,1.4962850879051293,1.4218286905537205,0.5281229848236378,0.4919189674025313
S939935174,0.0052052751026508415,1.0,True,2604,2604,2604|2610,2604|2610,0.19741086775646266,0.18488940700415588,2.1534488510531746,2.204788036980442,0.6106717778913356,0.6201328249298911
S9536269,0.04283418559935915,1.0,True,3312,3312,2613|3312,2613|3312,0.2227193188187547,0.18738401172768254,2.2070376698244845,2.263926779796035,0.669644087239112,0.7123626284039913
S95454600,0.028298996625304478,1.0,True,3312,3312,3312|3317,3312|3317,0.19854703324482076,0.1821235421319111,2.0302982314178997,2.0091053009147664,0.7497269550584931,0.8085234514085964
S959143335,0.01469717985962902,1.0,True,3106,3106,3106,3106,0.5772484375350485,0.4874645180289607,0.9801715559367048,1.3047967441566646,0.3084188022798191,0.35869851238240075
S96120751,0.017022734061858256,1.0,True,1311,1311,1110|1311|1312,1110|1311|1312,0.1034447868260095,0.10383643679875806,3.065011047873008,3.1345859884821983,0.714378282772584,0.7055665204201766
S961333017,0.036921030886169805,0.5,False,3320,2002,2002|3312|3320,2002|3312|3318,0.1357327581291743,0.1338145199999999,2.317139805304676,2.277546818700406,0.8556487632177465,0.8410282858764643
S96629499,0.007195805294095947,1.0,True,3312,3312,3312,3312,0.34833267004630203,0.3478784023481648,1.9400183536670954,1.9635644150461748,0.5190449001102736,0.5158230918351391
S96897161,0.04501886251428526,0.3333333333333333,True,3312,3312,2002|3312,3312|3320,0.17903490680132422,0.2020413368324764,2.392312231234072,2.3600913781139123,0.7033735366645953,0.6939001514109547
S97631563,0.028341560545947116,1.0,True,3320,3320,3312|3320,3312|3320,0.21429596707019477,0.22712634054634157,2.1803291642273774,2.1727758724849453,0.6291100145472831,0.616152505484801
S97696616,0.04284880715536554,1.0,True,1311,1311,1311|1312,1311|1312,0.20687415587485092,0.21913269109164274,2.086748557738792,2.0034709994106255,0.7526354489579881,0.7398204799139941
S97779488,0.017189283916377432,0.5,True,3106,3106,3106|3107|3108,2208|3106|3108,0.16954785639044023,0.15204888089815322,2.584936864255385,2.725276783290728,0.6393529770004306,0.6393341423476341
S97803974,0.0276351884958542,1.0,True,3312,3312,1212|3312,1212|3312,0.2434692296255446,0.25414400000000004,2.0189247223660582,1.867724186340625,0.6631334679457093,0.6461882217186133
S97919111,0.032465708040569294,1.0,True,3312,3312,3312|3320,3312|3320,0.16313659906415548,0.17831724386921954,2.6638417685214018,2.659465427570773,0.712701239160043,0.6946237978854669
S99462834,0.022769814657379137,1.0,True,1311,1311,1110|1311,1110|1311,0.25989784014423023,0.21830845183211345,1.9764962883969543,2.1859125987249906,0.6066414132704628,0.6251702764252541
S995559440,0.013583380517219587,1.0,True,2604,2604,2604|2608|2610,2604|2608|2610,0.16919060541383424,0.16353642554143505,2.3368801107932535,2.325854870143617,0.7172531825015694,0.7225674417679193
