source_id,jaccard,turnover,jsd,nucleo_W0,nucleo_W1,n0,n1
S101267242,1.0,0.0,0.055110241380833896,3312,3312,1,1
S102059668,0.5,0.5,0.023393018475006452,3312,3304|3312,1,2
S102320310,0.75,0.25,0.05328181685558138,1710|3311|3312,1710|3311|3312|3315,3,4
S103448410,1.0,0.0,0.024636551904448592,3312|3320,3312|3320,2,2
S105091050,0.25,0.75,0.07510540441653668,1208|3312,1202|1211|3312,2,3
S105812952,1.0,0.0,0.035303644238299584,2002|3312,2002|3312,2,2
S10591207,1.0,0.0,0.04603073110097604,3312|3320,3312|3320,2,2
S10599296,1.0,0.0,0.020131000932234373,3106,3106,1,1
S107313304,1.0,0.0,0.03375598369692924,3312,3312,1,1
S108587369,1.0,0.0,0.00680872001690082,3312,3312,1,1
S108741841,1.0,0.0,0.0367544615345616,3312,3312,1,1
S10875568,1.0,0.0,0.015245574869638512,3312|3320,3312|3320,2,2
S109658313,1.0,0.0,0.05899722311186553,3312,3312,1,1
S110151151,0.5,0.5,0.026991199364774163,3304|3312|3318,3304|3312|3314,3,3
S110891900,1.0,0.0,0.036034566214157376,3312|3320,3312|3320,2,2
S111364325,0.5,0.5,0.06336145402552208,3312|3320,3312,2,1
S112282628,1.0,0.0,0.017790144983403734,3106,3106,1,1
S112424246,1.0,0.0,0.055226368782488724,3312|3320,3312|3320,2,2
S112444171,0.5,0.5,0.05840729662609408,3312,1202|3312,1,2
S112540174,1.0,0.0,0.013307837484035853,1311|1312,1311|1312,2,2
S112879492,0.5,0.5,0.02639506797097163,3312|3320,3312,2,1
S113036218,1.0,0.0,0.008206149011657352,2604|2611,2604|2611,2,2
S113116626,1.0,0.0,0.013595166529714021,3312|3318,3312|3318,2,2
S113184965,1.0,0.0,0.015223859795049852,3203|3312,3203|3312,2,2
S113281486,1.0,0.0,0.019481370460495917,3312|3320,3312|3320,2,2
S113416816,0.75,0.25,0.02770895174255639,2604|2610|3109,2604|2610|2611|3109,3,4
S113566553,1.0,0.0,0.017438851953225927,2604|2610,2604|2610,2,2
S114339905,0.6666666666666666,0.33333333333333337,0.030606001814497834,3207|3312,2805|3207|3312,2,3
S114448247,1.0,0.0,0.012838580193476976,3312|3320|3321,3312|3320|3321,3,3
S114567169,1.0,0.0,0.023043553471703213,3312|3318,3312|3318,2,2
S115207144,0.6666666666666666,0.33333333333333337,0.027147614792058336,2608|2610|3109,2610|3109,3,2
S115516119,1.0,0.0,0.04235685155988624,1110|1311|1312,1110|1311|1312,3,3
S118419795,1.0,0.0,0.0549159987289687,3312|3320,3312|3320,2,2
S119250532,0.6666666666666666,0.33333333333333337,0.007438300776030431,1306|1311|1312|2730|2740,1306|1311|1312|2403|2740,5,5
S120226629,0.3333333333333333,0.6666666666666667,0.038112725979975184,2003|3312,3312|3320,2,2
S120820016,1.0,0.0,0.007966874684930386,3312,3312,1,1
S120959427,1.0,0.0,0.06338672010556676,3316,3316,1,1
S12146737,0.5,0.5,0.014908507805518757,1311,1311|1312,1,2
S121703463,1.0,0.0,0.009552888101127706,1311|1312,1311|1312,2,2
S12175909,1.0,0.0,0.019541753745420616,3312|3320,3312|3320,2,2
S12205661,1.0,0.0,0.026606193323833065,3318,3318,1,1
S122378449,1.0,0.0,0.01192463597775429,3312|3320,3312|3320,2,2
S122471516,1.0,0.0,0.022115275882466125,3312|3320,3312|3320,2,2
S122892125,1.0,0.0,0.03647283863811998,3312|3320,3312|3320,2,2
S123043354,1.0,0.0,0.03175506178432318,3312|3320,3312|3320,2,2
S123665906,1.0,0.0,0.03250176836335384,3106,3106,1,1
S125685628,1.0,0.0,0.02119563350473945,2505|3106,2505|3106,2,2
S126647188,1.0,0.0,0.018812376888718903,3312,3312,1,1
S127589907,1.0,0.0,0.03226662461382084,3312,3312,1,1
S129389861,1.0,0.0,0.02270232181712016,3312|3320,3312|3320,2,2
S129511265,0.5,0.5,0.009494353866646614,2602|2604|2608,2602|2604|2610,3,3
S129906632,0.2857142857142857,0.7142857142857143,0.1235908562465054,2202|3312|3315|3320,1208|3304|3312|3318|3320,4,5
S130611943,1.0,0.0,0.01905649463980947,3312|3320,3312|3320,2,2
S13068289,1.0,0.0,0.021661604924538412,3312,3312,1,1
S131679521,1.0,0.0,0.05201154960712234,3312,3312,1,1
S131700781,0.5,0.5,0.04815964424590417,1311|1312|2740,1311|1312|2403,3,3
S132495599,1.0,0.0,0.03140563552922937,3312,3312,1,1
S132665167,1.0,0.0,0.013553163462211831,3312,3312,1,1
S133648787,1.0,0.0,0.01482566220260965,3312|3320,3312|3320,2,2
S133992056,1.0,0.0,0.012971744517958026,3106,3106,1,1
S134425043,1.0,0.0,0.014455289103775151,1311|1312,1311|1312,2,2
S134651815,1.0,0.0,0.018586099346388135,3106,3106,1,1
S134776053,1.0,0.0,0.02598423258023203,3312|3320,3312|3320,2,2
S134986326,1.0,0.0,0.03956815082508205,3312,3312,1,1
S135066301,1.0,0.0,0.01928152128823295,2608|3106|3109,2608|3106|3109,3,3
S135297974,1.0,0.0,0.046425793950869,3312|3320,3312|3320,2,2
S135892541,1.0,0.0,0.021424565534039857,3312|3320,3312|3320,2,2
S138240904,1.0,0.0,0.005328240603630336,2604,2604,1,1
S13880985,0.6666666666666666,0.33333333333333337,0.04391445012681761,1311|1312,1110|1311|1312,2,3
S139866111,0.5,0.5,0.08137561675252554,1211|3312|3320,1211|2309|3312,3,3
S139935717,1.0,0.0,0.0114568850941883,3312|3320,3312|3320,2,2
S140176541,1.0,0.0,0.014986136569081272,3203|3312,3203|3312,2,2
S140231038,0.6666666666666666,0.33333333333333337,0.07877354909499804,2002|3312|3320,3312|3320,3,2
S140378306,1.0,0.0,0.007382228141772748,1311|2303|2309,1311|2303|2309,3,3
S141683002,1.0,0.0,0.012575026671850443,3312|3320,3312|3320,2,2
S141724154,1.0,0.0,0.032421313886634134,3312,3312,1,1
S141988568,1.0,0.0,0.05604884634624844,3312|3320,3312|3320,2,2
S14335163,1.0,0.0,0.035448506974811445,3312|3320,3312|3320,2,2
S143967217,1.0,0.0,0.047574866644330006,3312|3320,3312|3320,2,2
S144178814,1.0,0.0,0.020260386858051684,3312|3318,3312|3318,2,2
S144751283,1.0,0.0,0.02000434044909522,1311|2735,1311|2735,2,2
S145066639,1.0,0.0,0.02818202203401829,3312|3320,3312|3320,2,2
S145715788,1.0,0.0,0.031231053107837997,3312|3320,3312|3320,2,2
S14636018,0.5,0.5,0.019781275032767453,3312|3320,3312,2,1
S147265922,1.0,0.0,0.04487965258590039,3312|3320,3312|3320,2,2
S147353869,1.0,0.0,0.02468644901087834,1311|2303,1311|2303,2,2
S149201819,0.5,0.5,0.016551294315754056,1306|1311|1312,1311|1312|2730,3,3
S150607185,1.0,0.0,0.012520190469569332,1311|1312,1311|1312,2,2
S150708946,1.0,0.0,0.011087110071931815,3312,3312,1,1
S150892397,0.3333333333333333,0.6666666666666667,0.013309975020586735,1703|2604,2604|2608,2,2
S151245446,1.0,0.0,0.02593961218588642,3304,3304,1,1
S151579836,1.0,0.0,0.004346667650851424,2604|2610,2604|2610,2,2
S152450506,0.75,0.25,0.029473734547971055,3312|3320|3322,2308|3312|3320|3322,3,4
S152704329,1.0,0.0,0.02294404319132437,3312,3312,1,1
S152710239,1.0,0.0,0.03239789710757373,1110|1311|1312,1110|1311|1312,3,3
S152731354,1.0,0.0,0.032948567034193466,2604|2608|2613,2604|2608|2613,3,3
S153791594,0.5,0.5,0.11409680620184615,3312,1208|3312,1,2
S156070145,1.0,0.0,0.06923667664786382,3312|3318|3320,3312|3318|3320,3,3
S157620343,0.6666666666666666,0.33333333333333337,0.0387097967399737,3312|3318,3304|3312|3318,2,3
S159327246,1.0,0.0,0.011200454454778803,3304|3312,3304|3312,2,2
S159612214,1.0,0.0,0.010388829044637352,3304|3312,3304|3312,2,2
S160173694,1.0,0.0,0.026512980842907017,3312|3320,3312|3320,2,2
S160300278,0.5,0.5,0.013368459412762388,3320,3312|3320,1,2
S160362754,1.0,0.0,0.017813133253408088,1311|1312,1311|1312,2,2
S161550498,1.0,0.0,0.038485409536261825,3312|3320,3312|3320,2,2
S161901644,0.6666666666666666,0.33333333333333337,0.01591358714707709,3304|3312|3320,3312|3320,3,2
S163559066,1.0,0.0,0.03316898866107023,1202|3312,1202|3312,2,2
S16390937,1.0,0.0,0.055980598220011044,1408|3312,1408|3312,2,2
S164212335,1.0,0.0,0.05042699652356673,3312|3320,3312|3320,2,2
S164505828,1.0,0.0,0.013636169683099659,3312|3320,3312|3320,2,2
S165431477,1.0,0.0,0.03157189339945256,3312,3312,1,1
S16648056,0.5,0.5,0.0807699888702614,3205|3304|3312|3600,3205|3207|3305|3312|3600,4,5
S16719124,1.0,0.0,0.01847734284398625,2604|2610,2604|2610,2,2
S16770927,1.0,0.0,0.03957056243718917,3312|3320,3312|3320,2,2
S168233274,1.0,0.0,0.03358132324304059,3312|3320,3312|3320,2,2
S168777572,0.6666666666666666,0.33333333333333337,0.05496804703948521,1311|1312|2735|2737|2740,1311|1312|2705|2735|2740,5,5
S170381558,1.0,0.0,0.007540666050713133,2604|2610,2604|2610,2,2
S170643298,1.0,0.0,0.023216079059729194,3312|3314,3312|3314,2,2
S171076169,1.0,0.0,0.02823090764304177,1211|1710|2002|3304|3312|3320,1211|1710|2002|3304|3312|3320,6,6
S173252385,1.0,0.0,0.03210368665765714,3312,3312,1,1
S173864314,1.0,0.0,0.038575504543562386,3312|3320,3312|3320,2,2
S173952182,1.0,0.0,0.0037417179031874748,3106,3106,1,1
S174538591,1.0,0.0,0.007017371491716325,3312|3315,3312|3315,2,2
S175220671,1.0,0.0,0.08784957300412001,3312|3320,3312|3320,2,2
S175590358,1.0,0.0,0.02588153222891605,3312,3312,1,1
S176933442,1.0,0.0,0.010003035048758324,1311|2303,1311|2303,2,2
S17740374,0.4,0.6,0.03473963823554785,3203|3312|3318,3305|3312|3318|3320,3,4
S178410430,1.0,0.0,0.023856983095529718,3312,3312,1,1
S179765101,0.3333333333333333,0.6666666666666667,0.036602933819751035,1207|3312,3312|3320,2,2
S179905963,1.0,0.0,0.01344757770716917,2604,2604,1,1
S180716411,1.0,0.0,0.025154529707592327,3312|3320,3312|3320,2,2
S180901878,1.0,0.0,0.0055419715976732665,1311|1312,1311|1312,2,2
S180943771,0.6666666666666666,0.33333333333333337,0.04226308521363272,3312|3320,3312|3316|3320,2,3
S181098927,0.6666666666666666,0.33333333333333337,0.026414167522582355,3312|3320|3600,3312|3320,3,2
S181266130,1.0,0.0,0.017399408205195907,3312|3320,3312|3320,2,2
S18131899,0.5,0.5,0.033014816228601376,3312,3312|3320,1,2
S182554291,1.0,0.0,0.03853838734974089,1311|1312|2739|3600,1311|1312|2739|3600,4,4
S182709241,1.0,0.0,0.0194859722178521,3312|3320,3312|3320,2,2
S184365670,1.0,0.0,0.019919686016401383,1311,1311,1,1
S184577771,1.0,0.0,0.013589783358215122,2604|2610,2604|2610,2,2
S184583347,1.0,0.0,0.043576773874128324,2002|3312|3600,2002|3312|3600,3,3
S184885884,1.0,0.0,0.014570137161830275,3312|3320,3312|3320,2,2
S185232611,1.0,0.0,0.024524598002316482,2604|2610,2604|2610,2,2
S186310538,0.5,0.5,0.035854012196783275,1710|3312|3318,3306|3312|3318,3,3
S187585107,1.0,0.0,0.0016185623923423921,3106,3106,1,1
S187806540,0.75,0.25,0.007810018652567814,1705|2805|3109,1702|1705|2805|3109,3,4
S188931513,1.0,0.0,0.017794488144535037,3312|3320,3312|3320,2,2
S189157259,1.0,0.0,0.0279715922296949,3312,3312,1,1
S18992820,0.5,0.5,0.02104434346953219,1311,1311|1312,1,2
S190552063,1.0,0.0,0.023989553627795465,3312,3312,1,1
S190942573,1.0,0.0,0.03998251291398233,3312|3315,3312|3315,2,2
S191292005,1.0,0.0,0.0059621230368889664,3312,3312,1,1
S193008421,1.0,0.0,0.024237444157599014,3312|3320,3312|3320,2,2
S193055789,1.0,0.0,0.056205576693689085,3312|3320,3312|3320,2,2
S193359815,1.0,0.0,0.020869260580628816,3312|3318,3312|3318,2,2
S194005134,0.5,0.5,0.058872622686857834,3312,3312|3320,1,2
S194011547,1.0,0.0,0.012958701740936891,3312|3320,3312|3320,2,2
S19523265,0.6666666666666666,0.33333333333333337,0.016322029859562916,3312|3320,1211|3312|3320,2,3
S195279327,1.0,0.0,0.036110637273241424,3312,3312,1,1
S195570583,0.3333333333333333,0.6666666666666667,0.045518958951860686,3306|3312,3304|3312,2,2
S197264859,1.0,0.0,0.04805299514200281,1311|1312,1311|1312,2,2
S198031716,1.0,0.0,0.03312895439565568,3312,3312,1,1
S199451182,1.0,0.0,0.03157030970310022,3312|3320,3312|3320,2,2
S199718347,0.5,0.5,0.017403659461472074,3312|3320,3312,2,1
S199832308,1.0,0.0,0.028007115129448923,1311|1312,1311|1312,2,2
S201345032,0.5714285714285714,0.4285714285714286,0.10368730320477847,1203|1208|3310|3312|3320,1202|1208|3310|3312|3314|3320,5,6
S20177303,1.0,0.0,0.009531937361494287,3312,3312,1,1
S202534398,1.0,0.0,0.015239234598237693,3312|3320,3312|3320,2,2
S20255291,1.0,0.0,0.006216510783341787,2505|3106,2505|3106,2,2
S202580180,1.0,0.0,0.027010889006833495,3312|3316,3312|3316,2,2
S20330309,1.0,0.0,0.012665675249964654,3312|3320,3312|3320,2,2
S203532909,0.5,0.5,0.0357007322146714,3303|3312|3320,1100|3312|3320,3,3
S20435353,1.0,0.0,0.02332919578233035,3312|3320,3312|3320,2,2
S2047265,1.0,0.0,0.02856616433358128,3312|3320,3312|3320,2,2
S205778772,1.0,0.0,0.04379880707681695,3312|3320,3312|3320,2,2
S20589029,0.6666666666666666,0.33333333333333337,0.018431846134099428,3312|3315|3320,3312|3320,3,2
S206553565,0.625,0.375,0.14968696764212563,1102|1110|1311|1312|2746,1102|1110|1311|1312|2705|2725|2739|2746,5,8
S208089930,0.3333333333333333,0.6666666666666667,0.010311249669966858,3312|3322,3312|3600,2,2
S21763754,0.6666666666666666,0.33333333333333337,0.03875368643003441,3106|3107|3108,3106|3108,3,2
S22127372,1.0,0.0,0.051297185861520156,3312,3312,1,1
S22454499,0.5,0.5,0.00775431903072176,1105|1311|2303,1311|1312|2303,3,3
S22496335,1.0,0.0,0.01821719935292828,3312|3320,3312|3320,2,2
S22785100,1.0,0.0,0.0025743433436447704,3312,3312,1,1
S23465295,1.0,0.0,0.049306209459045514,3312,3312,1,1
S23604231,1.0,0.0,0.02779639642446361,3320,3320,1,1
S2391900,0.75,0.25,0.049531710695182224,1208|1211|3312|3316,1211|3312|3316,4,3
S24688465,1.0,0.0,0.004697064695052397,1702|2002|2207|2212|3109,1702|2002|2207|2212|3109,5,5
S2477993565,1.0,0.0,0.010044925811083452,2604|2610,2604|2610,2,2
S2483979929,1.0,0.0,0.02413259783449123,2604,2604,1,1
S2491293328,0.8,0.19999999999999996,0.0770392073733632,1102|1105|1311|1312|2303,1102|1311|1312|2303,5,4
S25059752,1.0,0.0,0.04558697734861415,2002|3311|3312,2002|3311|3312,3,3
S25369639,1.0,0.0,0.04720577683007363,3312|3320,3312|3320,2,2
S25826151,1.0,0.0,0.015293709158643934,2604,2604,1,1
S26543813,1.0,0.0,0.02271360194216864,3312|3320,3312|3320,2,2
S26762059,1.0,0.0,0.03023619022424571,3312,3312,1,1
S2736783777,0.42857142857142855,0.5714285714285714,0.053725384781930355,1202|2308|3312|3320|3322,1208|2308|3312|3314|3320,5,5
S2736878070,0.3333333333333333,0.6666666666666667,0.0261648878971129,2604|2611,2604|2739,2,2
S2737010151,1.0,0.0,0.041461771873020685,3312,3312,1,1
S2737156544,1.0,0.0,0.029946146989670623,3312|3320,3312|3320,2,2
S2737200839,1.0,0.0,0.03526109752970999,3304|3312,3304|3312,2,2
S2737246436,1.0,0.0,0.01642069607235723,3312,3312,1,1
S2737523697,0.6666666666666666,0.33333333333333337,0.039966995569030515,1306|1311|1312,1311|1312,3,2
S2737719478,1.0,0.0,0.011973634150888424,3203|3312,3203|3312,2,2
S2737730066,0.6666666666666666,0.33333333333333337,0.04607685862566121,3312|3320,3312|3316|3320,2,3
S2738228134,1.0,0.0,0.016681569138500746,3312,3312,1,1
S2738306786,1.0,0.0,0.04166756189844507,3312|3320,3312|3320,2,2
S2738497388,1.0,0.0,0.020816626207807658,3312|3320,3312|3320,2,2
S2738560774,1.0,0.0,0.038921018846607,2309|3306|3312,2309|3306|3312,3,3
S2738571386,0.8,0.19999999999999996,0.019818083735240202,1306|1311|1312|2725|2740,1306|1311|1312|2740,5,4
S2738819186,1.0,0.0,0.017866787924263564,3312|3320,3312|3320,2,2
S2739021707,1.0,0.0,0.023359759157877046,3312|3320,3312|3320,2,2
S2739337238,1.0,0.0,0.020925166719153628,2604,2604,1,1
S2739376119,1.0,0.0,0.01961175296844492,2604|2608,2604|2608,2,2
S2764354353,0.6,0.4,0.06689499484840772,1311|1312|2720|2735|2739,1311|1312|2720,5,3
S2764360065,1.0,0.0,0.055364161142184926,3312,3312,1,1
S2764362400,1.0,0.0,0.0555723636536543,3312|3320,3312|3320,2,2
S2764373787,1.0,0.0,0.006536958403337298,1311|1312|2737,1311|1312|2737,3,3
S2764408298,1.0,0.0,0.02359452197842662,3312|3320,3312|3320,2,2
S2764409345,1.0,0.0,0.06505632256000762,3312|3320,3312|3320,2,2
S2764466915,0.5,0.5,0.031034671593539776,1213|3203|3304|3306|3311|3312|3320,3203|3304|3312|3320|3600,7,5
S2764486912,0.75,0.25,0.03419000373569654,3312|3320|3600,3304|3312|3320|3600,3,4
S2764488531,1.0,0.0,0.018976796547854228,3312,3312,1,1
S2764525015,1.0,0.0,0.02708538685128855,3312,3312,1,1
S2764538883,1.0,0.0,0.011501608112885472,2604,2604,1,1
S2764545783,1.0,0.0,0.03775460471687538,3312,3312,1,1
S2764567269,1.0,0.0,0.009485084471844958,3306|3312,3306|3312,2,2
S2764579910,0.3333333333333333,0.6666666666666667,0.02870518661310311,1202|3312,3312|3320,2,2
S2764592690,0.6666666666666666,0.33333333333333337,0.04152800423565697,1311|1312|2804,1311|1312,3,2
S2764600129,0.3333333333333333,0.6666666666666667,0.053621940380286254,3312|3320,3306|3312,2,2
S2764699336,1.0,0.0,0.05716152708079675,2002|3312|3320,2002|3312|3320,3,3
S2764722375,1.0,0.0,0.03643524677527356,3304|3312|3317,3304|3312|3317,3,3
S2764769492,1.0,0.0,0.025070338882747532,3207|3312,3207|3312,2,2
S2764779358,1.0,0.0,0.04579833558847625,3312|3320,3312|3320,2,2
S2764799895,0.5,0.5,0.35029362568688616,3312,1211|3312,1,2
S2764804910,0.3333333333333333,0.6666666666666667,0.014554276464346153,3312|3318,3203|3312,2,2
S2764848433,0.6666666666666666,0.33333333333333337,0.06717085500570164,3312|3315,3312|3315|3317,2,3
S2764866499,1.0,0.0,0.09505771749859551,3312|3320,3312|3320,2,2
S2764876117,1.0,0.0,0.030635129036012076,3312|3318,3312|3318,2,2
S2764890657,1.0,0.0,0.050562584178013965,3312|3314|3320,3312|3314|3320,3,3
S2764914602,1.0,0.0,0.09202426488126629,3312,3312,1,1
S2764947195,1.0,0.0,0.06151478069566185,3312|3320,3312|3320,2,2
S2764963587,1.0,0.0,0.05274436694325593,3304|3312,3304|3312,2,2
S2765002437,0.5,0.5,0.059402195683737904,2002|2306|3312,1110|2306|3312,3,3
S2765008847,0.6666666666666666,0.33333333333333337,0.09872245720620575,2000|2002|2739|3312|3320|3322,2002|3312|3320|3322,6,4
S2765022498,1.0,0.0,0.019793020509486624,3203|3312,3203|3312,2,2
S2765035044,1.0,0.0,0.01879988648273201,3312|3320,3312|3320,2,2
S2765079493,0.6666666666666666,0.33333333333333337,0.06923640217635463,2215|3312|3316|3320|3322,2215|3308|3312|3316|3320,5,5
S2893729,0.3333333333333333,0.6666666666666667,0.016172382310099452,1703|2604,2604|2610,2,2
S2898370247,1.0,0.0,0.003100400120406438,3106,3106,1,1
S2898412997,0.6666666666666666,0.33333333333333337,0.029313329414142057,2611|3109,2212|2611|3109,2,3
S2898435970,0.6666666666666666,0.33333333333333337,0.006674397227602248,2604|2610,1703|2604|2610,2,3
S2912271296,0.6666666666666666,0.33333333333333337,0.08188857567689367,1703|2604|2608,1703|2604,3,2
S30572693,1.0,0.0,0.03915811965784951,3312|3314|3320,3312|3314|3320,3,3
S30803906,1.0,0.0,0.047410369691035875,3312,3312,1,1
S30933843,1.0,0.0,0.05784647602129437,3312|3320,3312|3320,2,2
S31156748,1.0,0.0,0.018914320283325087,1311|1312,1311|1312,2,2
S31204768,0.6666666666666666,0.33333333333333337,0.0428872861863806,3312|3320,3308|3312|3320,2,3
S32869912,1.0,0.0,0.032165328726216164,3312|3320,3312|3320,2,2
S33125897,1.0,0.0,0.035507160335106036,3312,3312,1,1
S34091647,0.5,0.5,0.03967504627964046,3312|3318|3600,3207|3312|3318,3,3
S35093870,0.3333333333333333,0.6666666666666667,0.014957375905241713,2604|2613,2604|2612,2,2
S37268045,1.0,0.0,0.0175554438003844,2604,2604,1,1
S37308595,1.0,0.0,0.008000143945123848,3106,3106,1,1
S38600022,1.0,0.0,0.028712951600495872,3312|3320,3312|3320,2,2
S38696330,1.0,0.0,0.03893289860238609,3312|3320,3312|3320,2,2
S38863834,1.0,0.0,0.022896695446934207,3312,3312,1,1
S39159251,1.0,0.0,0.022419698559513156,1208|1211|3312|3316|3322,1208|1211|3312|3316|3322,5,5
S39250910,1.0,0.0,0.02169764490763351,3312|3318,3312|3318,2,2
S39330975,1.0,0.0,0.049696419595554056,3312|3320,3312|3320,2,2
S39427579,0.75,0.25,0.04778690043197802,1208|3312|3316|3320,1208|3312|3320,4,3
S40135354,1.0,0.0,0.021283482240873154,3203|3312,3203|3312,2,2
S402139,1.0,0.0,0.01790503032194979,2002|3312,2002|3312,2,2
S40975480,1.0,0.0,0.031603106407296216,3312|3320,3312|3320,2,2
S4138479,0.5,0.5,0.06103608878132124,3203|3312|3600,3203|3312|3318,3,3
S41645954,1.0,0.0,0.05624217478337265,1311|1312|2738,1311|1312|2738,3,3
S41683674,1.0,0.0,0.07227038541955655,3316,3316,1,1
S41746314,1.0,0.0,0.032134790079390664,3312,3312,1,1
S4210167948,0.5,0.5,0.04661797325152903,3304|3312|3317,3304|3312|3320,3,3
S4210168251,1.0,0.0,0.04766878882814267,3312|3320,3312|3320,2,2
S4210168416,1.0,0.0,0.002147207638784336,3312|3320,3312|3320,2,2
S4210168911,1.0,0.0,0.018489932978030976,1211|3312|3320,1211|3312|3320,3,3
S4210169264,1.0,0.0,0.09513864181090487,3312|3320,3312|3320,2,2
S4210169680,1.0,0.0,0.02384819520622427,3312|3320,3312|3320,2,2
S4210169681,1.0,0.0,0.03379959846251995,3304|3312,3304|3312,2,2
S4210170263,1.0,0.0,0.026506567769889543,3312|3320|3600,3312|3320|3600,3,3
S4210171126,0.8,0.19999999999999996,0.1556920295853348,1202|1212|2002|3320,1202|1212|2000|2002|3320,4,5
S4210171491,0.75,0.25,0.041118119661672524,2202|2306|2505|3106,2306|2505|3106,4,3
S4210171603,1.0,0.0,0.06541400613313911,1311|1312,1311|1312,2,2
S4210171745,1.0,0.0,0.03686309598973517,3312|3318,3312|3318,2,2
S4210172117,0.3333333333333333,0.6666666666666667,0.03380642123269817,1211|3312,3312|3316,2,2
S4210172608,1.0,0.0,0.02505128688542468,3312|3320,3312|3320,2,2
S4210173186,1.0,0.0,0.0048745979654046,3106,3106,1,1
S4210173644,1.0,0.0,0.029224880804183343,3312|3320,3312|3320,2,2
S4210173758,1.0,0.0,0.05355668937510333,3207|3312,3207|3312,2,2
S4210174943,0.3333333333333333,0.6666666666666667,0.022381816825830157,3312|3320,3308|3312,2,2
S4210175172,0.3333333333333333,0.6666666666666667,0.014251092024445265,2604|2610,2602|2604,2,2
S4210175336,1.0,0.0,0.013220892302943798,3312|3316,3312|3316,2,2
S4210177237,1.0,0.0,0.041373981252342096,3312|3320,3312|3320,2,2
S4210177496,1.0,0.0,0.01637455854627031,2604|2610,2604|2610,2,2
S4210179093,0.6666666666666666,0.33333333333333337,0.07551639039308813,1204|3312|3320,3312|3320,3,2
S4210179255,1.0,0.0,0.02363638402553797,3312|3320,3312|3320,2,2
S4210179265,1.0,0.0,0.03857052358346018,3312|3320,3312|3320,2,2
S4210180838,0.5,0.5,0.034775002797160406,2002|3312,2002|3304|3312|3320,2,4
S4210183302,1.0,0.0,0.01303517478532595,2604|2610,2604|2610,2,2
S4210184980,1.0,0.0,0.025753571867364402,3312|3320,3312|3320,2,2
S4210185189,1.0,0.0,0.026121364523799623,1211|3312|3320,1211|3312|3320,3,3
S4210185488,0.6666666666666666,0.33333333333333337,0.06477651253437863,3203|3312,3203|3312|3320,2,3
S4210185507,1.0,0.0,0.007796712185247937,3308|3312,3308|3312,2,2
S4210186268,1.0,0.0,0.01844004457190851,1105|1311,1105|1311,2,2
S4210187339,1.0,0.0,0.011660521850853055,2604|2610,2604|2610,2,2
S4210188249,1.0,0.0,0.07822118968572749,3312|3320,3312|3320,2,2
S4210188545,1.0,0.0,0.05207011791729533,1703|2206|2604,1703|2206|2604,3,3
S4210188924,1.0,0.0,0.05381939200990246,3312|3320,3312|3320,2,2
S4210190117,0.6666666666666666,0.33333333333333337,0.05787327441238443,3203|3312,2002|3203|3312,2,3
S4210190796,0.4444444444444444,0.5555555555555556,0.09402970448882039,1405|2308|3304|3312|3320|3600,2308|3203|3304|3312|3315|3316|3320,6,7
S4210192241,1.0,0.0,0.056797011193762,3312|3320,3312|3320,2,2
S4210192296,1.0,0.0,0.15467863354261518,3312,3312,1,1
S4210192569,1.0,0.0,0.011678109020111216,3312,3312,1,1
S4210193457,1.0,0.0,0.02086995031846557,3312|3320,3312|3320,2,2
S4210194695,1.0,0.0,0.041857040511025886,3312|3316,3312|3316,2,2
S4210194812,1.0,0.0,0.013796873895388872,3106,3106,1,1
S4210196886,1.0,0.0,0.033174743741709055,2604|2608,2604|2608,2,2
S4210197438,1.0,0.0,0.017246868054226157,2308|3304|3312,2308|3304|3312,3,3
S4210197950,1.0,0.0,0.023413524648389236,3312|3320,3312|3320,2,2
S4210198502,0.6,0.4,0.10051985410778531,2002|3312|3318|3320,2002|3304|3312|3318,4,4
S4210199360,1.0,0.0,0.024919643186281423,1102|1103|1311,1102|1103|1311,3,3
S4210200560,0.5,0.5,0.02728623018902454,3312,2309|3312,1,2
S4210200925,1.0,0.0,0.06605584337695375,2604|2610,2604|2610,2,2
S4210201644,1.0,0.0,0.01706508773547157,3312,3312,1,1
S4210201713,0.5,0.5,0.014672867115670068,3312|3320|3322,1211|3312|3320,3,3
S4210202564,1.0,0.0,0.022061132271197728,3304|3312,3304|3312,2,2
S4210202763,1.0,0.0,0.04624965171494397,3312,3312,1,1
S4210204547,0.7142857142857143,0.2857142857142857,0.04074615913002552,1710|3203|3207|3312|3317|3320,1710|2743|3203|3312|3317|3320,6,6
S4210205114,1.0,0.0,0.034059951052833805,3312,3312,1,1
S4210205999,0.5,0.5,0.027272704166831467,3312,2002|3312,1,2
S4210207055,1.0,0.0,0.03604274235064904,1202|3312|3320,1202|3312|3320,3,3
S4210209003,1.0,0.0,0.03835148515705706,3312|3320,3312|3320,2,2
S4210209665,0.6666666666666666,0.33333333333333337,0.06942963940570435,2003|3312,2003|3312|3320,2,3
S4210209940,0.6666666666666666,0.33333333333333337,0.0323624690303768,3312|3320,1202|3312|3320,2,3
S4210210030,1.0,0.0,0.04323070208737126,2202,2202,1,1
S4210210325,0.6666666666666666,0.33333333333333337,0.04456278210880374,1311|1312,1311|1312|2737,2,3
S4210210660,0.6,0.4,0.05963481430233598,3304|3312|3322|3600,3304|3306|3312|3322,4,4
S4210211099,1.0,0.0,0.033201130096136594,3312|3317,3312|3317,2,2
S4210211929,1.0,0.0,0.020540810270683864,1203|3304|3312|3320,1203|3304|3312|3320,4,4
S4210212767,1.0,0.0,0.029720926271006212,3312,3312,1,1
S4210214887,1.0,0.0,0.013193127052248687,3312,3312,1,1
S4210215881,0.3333333333333333,0.6666666666666667,0.028793543997414583,3207|3312,3312|3320,2,2
S4210218169,0.6666666666666666,0.33333333333333337,0.03695003091243171,3312|3320,3308|3312|3320,2,3
S4210219323,0.3333333333333333,0.6666666666666667,0.04809769196649387,3312|3322,3312|3600,2,2
S4210220353,1.0,0.0,0.02887698125901807,3312,3312,1,1
S4210221072,1.0,0.0,0.04985731230286754,3312,3312,1,1
S4210221332,1.0,0.0,0.04142308226266862,2604|2613,2604|2613,2,2
S4210222233,1.0,0.0,0.047524854995036225,3312|3320,3312|3320,2,2
S4210222309,1.0,0.0,0.051311064392171965,3312,3312,1,1
S4210222994,1.0,0.0,0.010774051062814486,2604,2604,1,1
S4210223199,0.3333333333333333,0.6666666666666667,0.09801398431589697,2202|3312,3312|3320,2,2
S4210224819,1.0,0.0,0.0450148189578782,3311|3312|3320,3311|3312|3320,3,3
S4210225206,1.0,0.0,0.02137609437658894,3312|3320,3312|3320,2,2
S4210225662,1.0,0.0,0.018180933731300315,2208|3106|3108,2208|3106|3108,3,3
S4210225667,1.0,0.0,0.028517054941990392,3312|3320,3312|3320,2,2
S4210226373,1.0,0.0,0.02330148230493883,3312,3312,1,1
S4210228527,1.0,0.0,0.03887400389543238,3306|3312,3306|3312,2,2
S4210228947,0.6666666666666666,0.33333333333333337,0.04858599017638908,1410|3312|3600,1410|3312,3,2
S4210229399,0.6666666666666666,0.33333333333333337,0.07735023543395449,3312|3320,2002|3312|3320,2,3
S4210229511,1.0,0.0,0.020423214692985435,3312|3320,3312|3320,2,2
S4210229695,0.5,0.5,0.033591803861839103,3106,1705|3106,1,2
S4210229905,1.0,0.0,0.04384565003457597,3312,3312,1,1
S4210230173,1.0,0.0,0.04217528269980874,3304|3312,3304|3312,2,2
S4210233660,1.0,0.0,0.035232098715184804,2202,2202,1,1
S4210233858,0.75,0.25,0.05648528168506926,3312|3314|3317|3320,3312|3317|3320,4,3
S4210235043,1.0,0.0,0.010051901863064077,1705|2206|3107|3109,1705|2206|3107|3109,4,4
S4210235286,0.6666666666666666,0.33333333333333337,0.0031159706329686853,2206|2505|3104|3107|3109,1312|2505|3104|3107|3109,5,5
S4210235510,1.0,0.0,0.058699209162925745,2202|3312|3320,2202|3312|3320,3,3
S4210236488,1.0,0.0,0.004168811656711661,2604|2608,2604|2608,2,2
S4210238233,1.0,0.0,0.05842322760463739,3308|3320,3308|3320,2,2
S4210238307,1.0,0.0,0.002389840740989765,3106,3106,1,1
S4210238526,1.0,0.0,0.01636580310798332,3312|3320,3312|3320,2,2
S4210240122,1.0,0.0,0.045773135579917,3312,3312,1,1
S4210240526,1.0,0.0,0.015985005298598042,3312|3600,3312|3600,2,2
S4210241156,1.0,0.0,0.03279947532665695,3312,3312,1,1
S42865813,1.0,0.0,0.03544842735679486,3312|3320,3312|3320,2,2
S4306502127,0.6666666666666666,0.33333333333333337,0.06936703246690257,1103|1110,1103|1110|1311,2,3
S4306508438,0.5,0.5,0.06421469603970172,2002|3312|3316,2002|3207|3312,3,3
S4306510746,1.0,0.0,0.02896008440587363,3312,3312,1,1
S43226970,1.0,0.0,0.04101212198616652,3312|3320,3312|3320,2,2
S43270013,1.0,0.0,0.05901811059972806,3312|3320,3312|3320,2,2
S4387284770,0.5,0.5,0.030856790506613066,1211|3312|3320,3304|3312|3320,3,3
S4393917777,1.0,0.0,0.06379759819197964,3312|3320,3312|3320,2,2
S4394735535,0.6666666666666666,0.33333333333333337,0.041768764833345254,1110|1311|1312,1110|1311,3,2
S44090634,1.0,0.0,0.009942833402980373,3312,3312,1,1
S44404461,0.3333333333333333,0.6666666666666667,0.051837399359831476,3306|3312,3207|3312,2,2
S44433209,1.0,0.0,0.024591662184127096,1100|3312|3320,1100|3312|3320,3,3
S44487342,0.3333333333333333,0.6666666666666667,0.036522111627557335,1211|3312,3312|3320,2,2
S44811899,0.6,0.4,0.02824162485321649,1702|2206|2604|2610,1702|1703|2604|2610,4,4
S45468527,1.0,0.0,0.006223869810582776,3103|3106,3103|3106,2,2
S45884062,1.0,0.0,0.05298554945406296,3312,3312,1,1
S46238352,0.75,0.25,0.04730212920519436,1311|3203|3205,1311|2805|3203|3205,3,4
S46285813,1.0,0.0,0.013930178830527273,3312|3317,3312|3317,2,2
S46460922,0.6666666666666666,0.33333333333333337,0.023782706521330785,3308|3312|3600,3308|3312,3,2
S46482365,0.5,0.5,0.07357591691153895,3304|3312,3312,2,1
S4671545,1.0,0.0,0.02549329351276635,2309|3312,2309|3312,2,2
S4723672,1.0,0.0,0.05536556323738285,3312|3318,3312|3318,2,2
S4789869,1.0,0.0,0.008879607181885924,3312|3318|3320,3312|3318|3320,3,3
S48492747,1.0,0.0,0.03590990806789803,3312|3320,3312|3320,2,2
S48499399,1.0,0.0,0.0708310872789116,3312|3320,3312|3320,2,2
S48783313,1.0,0.0,0.041935847636608625,3312|3315,3312|3315,2,2
S4954800,1.0,0.0,0.0076919049209727966,1311|1312,1311|1312,2,2
S50623261,1.0,0.0,0.032983309726269464,3204|3312,3204|3312,2,2
S51267760,1.0,0.0,0.014577289296944598,3312,3312,1,1
S51499565,1.0,0.0,0.02333640188279461,3312|3320,3312|3320,2,2
S51698217,1.0,0.0,0.04881872514909596,3312|3320,3312|3320,2,2
S51811661,1.0,0.0,0.027147193389323254,2604|2608,2604|2608,2,2
S51920167,0.3333333333333333,0.6666666666666667,0.006748530565512011,1703|2604,2604|2608,2,2
S52621960,1.0,0.0,0.00803597006979229,2604|2608,2604|2608,2,2
S53566929,1.0,0.0,0.019939133203618505,3312,3312,1,1
S5416984,1.0,0.0,0.03128355761580098,3312,3312,1,1
S54847137,1.0,0.0,0.0250038348081938,3312,3312,1,1
S55069968,1.0,0.0,0.03472052569047997,3312|3318,3312|3318,2,2
S56771637,1.0,0.0,0.026239917786674935,3312,3312,1,1
S56850725,1.0,0.0,0.06141839085627394,2604|2610,2604|2610,2,2
S57027881,0.5,0.5,0.054410837540060826,1203|3207|3312,1203|3312|3318,3,3
S57090429,1.0,0.0,0.01000779824520086,3312|3320,3312|3320,2,2
S57552105,1.0,0.0,0.00800344767689514,1311|1312,1311|1312,2,2
S57599369,0.75,0.25,0.09052689954659393,3312|3314|3320,3305|3312|3314|3320,3,4
S58059009,1.0,0.0,0.017457350512629408,3312|3317,3312|3317,2,2
S59071098,1.0,0.0,0.0420190702869811,3312|3320,3312|3320,2,2
S59311786,0.75,0.25,0.012430427778035394,3304|3312|3318,3304|3312|3318|3600,3,4
S59604070,0.5,0.5,0.019818591942987192,3312,3312|3320,1,2
S603496,1.0,0.0,0.06792875703850351,3312|3320,3312|3320,2,2
S60621485,1.0,0.0,0.05894002131253555,3312,3312,1,1
S61246407,1.0,0.0,0.008638151392059054,2604|2610,2604|2610,2,2
S61274580,0.25,0.75,0.05391465465205385,3312|3318,2003|3312|3317,2,3
S61522235,1.0,0.0,0.03680202959914876,3312|3316,3312|3316,2,2
S62036463,1.0,0.0,0.023494982109334022,3312,3312,1,1
S62159105,1.0,0.0,0.016654307370746153,3106,3106,1,1
S63231389,1.0,0.0,0.04271128676004533,3206|3312,3206|3312,2,2
S63576417,1.0,0.0,0.018623222353420968,1406|1802|3312,1406|1802|3312,3,3
S64961995,1.0,0.0,0.008993853856347524,1312|2303,1312|2303,2,2
S65076878,1.0,0.0,0.007315413490655398,3312|3320,3312|3320,2,2
S65932378,1.0,0.0,0.015622056286529157,1311|1312,1311|1312,2,2
S66163274,1.0,0.0,0.021829902125181704,3320,3320,1,1
S66666449,0.6666666666666666,0.33333333333333337,0.05243021567877809,3312|3600,3207|3312|3600,2,3
S67147532,0.6666666666666666,0.33333333333333337,0.0324511178071782,3312|3320|3600,3312|3320,3,2
S68175919,1.0,0.0,0.011939993178697822,3103|3106,3103|3106,2,2
S69859562,1.0,0.0,0.007868235629865637,2604|2608|2610,2604|2608|2610,3,3
S70695507,1.0,0.0,0.008621925087337775,2604|2610,2604|2610,2,2
S70718007,0.6666666666666666,0.33333333333333337,0.008923057232951174,1705|2611|2739|3107|3109,1705|2611|3107|3109|3312,5,5
S70949411,0.3333333333333333,0.6666666666666667,0.04049466846067329,3312|3322,3312|3600,2,2
S71119591,1.0,0.0,0.01264695625069886,3312,3312,1,1
S71654957,1.0,0.0,0.08945042253128815,3312|3320,3312|3320,2,2
S71657983,1.0,0.0,0.018588964698324526,2604,2604,1,1
S71826845,1.0,0.0,0.012800194419724437,1211|3312|3320,1211|3312|3320,3,3
S74141806,1.0,0.0,0.0058153153677525105,1703|2604|2610,1703|2604|2610,3,3
S74899632,1.0,0.0,0.025911409165067102,3312,3312,1,1
S75771055,1.0,0.0,0.01651738847450502,3106,3106,1,1
S75796200,0.5,0.5,0.04403782214475367,2002|3312,3312,2,1
S76279167,1.0,0.0,0.020310601276191734,2604,2604,1,1
S76733833,1.0,0.0,0.048552672545835646,3312,3312,1,1
S77333429,1.0,0.0,0.013472022792971449,2604,2604,1,1
S77333486,1.0,0.0,0.04112447746304897,1211|3305|3312|3315|3320,1211|3305|3312|3315|3320,5,5
S7748972,1.0,0.0,0.021380705981364996,2604|2610,2604|2610,2,2
S77852275,1.0,0.0,0.017630454329274015,2604,2604,1,1
S78376336,1.0,0.0,0.019837413376878586,3106,3106,1,1
S79135273,1.0,0.0,0.022555655395425422,3312|3318,3312|3318,2,2
S79386155,1.0,0.0,0.012736398803577966,3312|3318,3312|3318,2,2
S79562878,0.6666666666666666,0.33333333333333337,0.03539735311863139,3203|3312,3203|3207|3312,2,3
S79712050,1.0,0.0,0.03430291192380244,3312|3320,3312|3320,2,2
S79731123,1.0,0.0,0.011140737095184029,1208|3312|3320,1208|3312|3320,3,3
S80347152,1.0,0.0,0.025888709145427694,3312,3312,1,1
S80367638,1.0,0.0,0.04039547016462637,3312|3320,3312|3320,2,2
S80823180,1.0,0.0,0.02018285385152969,3312|3320,3312|3320,2,2
S8095556,1.0,0.0,0.02254132939387003,1311|1312,1311|1312,2,2
S81071032,1.0,0.0,0.01577913585719503,3312,3312,1,1
S81124448,1.0,0.0,0.02968026829984037,3312|3313,3312|3313,2,2
S81556534,1.0,0.0,0.013914391076343562,2604,2604,1,1
S81862269,1.0,0.0,0.0,3312,3312,1,1
S81929299,1.0,0.0,0.011627578756910069,2716,2716,1,1
S83616544,0.5,0.5,0.05973995776352538,1407|3312|3320,3304|3312|3320,3,3
S83938913,0.5,0.5,0.03584805348090447,1211|3312|3320,1208|3312|3320,3,3
S84394799,1.0,0.0,0.03992494077889061,2002|3312|3320|3600,2002|3312|3320|3600,4,4
S84445930,1.0,0.0,0.02631400737258558,3312|3314,3312|3314,2,2
S84833568,1.0,0.0,0.04289466287821886,1311|1312,1311|1312,2,2
S84895730,1.0,0.0,0.054608626691367,3312|3314|3320,3312|3314|3320,3,3
S8523651,0.5,0.5,0.05566248282284504,2002|3312|3600,2002|3317|3600,3,3
S85534916,1.0,0.0,0.03921882591251162,3320,3320,1,1
S85937267,1.0,0.0,0.026216029487132766,3312,3312,1,1
S87350844,1.0,0.0,0.01334089442856403,2604,2604,1,1
S87435064,1.0,0.0,0.021606062856224406,3312|3320,3312|3320,2,2
S8759915,0.5,0.5,0.023845663830406996,3312,3312|3320,1,2
S88000251,1.0,0.0,0.03973715668932863,2306|3312,2306|3312,2,2
S88457980,1.0,0.0,0.02141036711075523,3312|3320,3312|3320,2,2
S88529193,1.0,0.0,0.012674450931615094,3312,3312,1,1
S88603889,0.6666666666666666,0.33333333333333337,0.009329581739866047,3312|3315,3312|3315|3318,2,3
S8922989,0.5,0.5,0.03127812350678464,3203,3203|3312,1,2
S89393028,1.0,0.0,0.016358549781741383,3312,3312,1,1
S89717723,1.0,0.0,0.014167358070575405,3312|3317|3320,3312|3317|3320,3,3
S90873577,1.0,0.0,0.0357457337003135,2002|3312,2002|3312,2,2
S90911399,0.3333333333333333,0.6666666666666667,0.02965244384037047,3312|3318,3304|3312,2,2
S9300723,1.0,0.0,0.017186548475231597,3312,3312,1,1
S93028289,1.0,0.0,0.017120986361988187,3312,3312,1,1
S939935174,1.0,0.0,0.005234866957672577,2604|2610,2604|2610,2,2
S9536269,1.0,0.0,0.04283355352774201,2613|3312,2613|3312,2,2
S95454600,1.0,0.0,0.028254635321645065,3312|3317,3312|3317,2,2
S959143335,1.0,0.0,0.014823574503790928,3106,3106,1,1
S96120751,1.0,0.0,0.01729519510199796,1110|1311|1312,1110|1311|1312,3,3
S961333017,0.5,0.5,0.036945915597190446,2002|3312|3320,2002|3312|3318,3,3
S96629499,1.0,0.0,0.007317044857094203,3312,3312,1,1
S96897161,0.3333333333333333,0.6666666666666667,0.04504520606457217,2002|3312,3312|3320,2,2
S97631563,1.0,0.0,0.028294480539407574,3312|3320,3312|3320,2,2
S97696616,1.0,0.0,0.04286709169830491,1311|1312,1311|1312,2,2
S97779488,0.5,0.5,0.01727658253096746,3106|3107|3108,2208|3106|3108,3,3
S97803974,1.0,0.0,0.02762668972865614,1212|3312,1212|3312,2,2
S97919111,1.0,0.0,0.03244006435217753,3312|3320,3312|3320,2,2
S99462834,1.0,0.0,0.02281940278052768,1110|1311,1110|1311,2,2
S995559440,1.0,0.0,0.013583629156140357,2604|2608|2610,2604|2608|2610,3,3
